datetime,open,close,high,low,volume,成交额,均价
2026-03-23 09:30:00,0.0,1433.33,1433.33,1433.33,227,32486424.0,1433.33
2026-03-23 09:31:00,0.0,1430.99,1435.0,1429.01,741,106133945.0,1432.029
2026-03-23 09:32:00,0.0,1428.0,1432.05,1427.0,671,95925060.0,1431.028
2026-03-23 09:33:00,0.0,1425.58,1427.0,1422.8,636,90653410.0,1429.232
2026-03-23 09:34:00,0.0,1422.9,1425.58,1422.9,556,79159284.0,1428.151
2026-03-23 09:35:00,0.0,1425.7,1425.7,1422.2,498,70891193.0,1427.458
2026-03-23 09:36:00,0.0,1423.35,1426.0,1423.08,418,59540422.0,1427.118
2026-03-23 09:37:00,0.0,1422.9,1423.5,1422.11,467,66452306.0,1426.658
2026-03-23 09:38:00,0.0,1419.99,1422.1,1419.09,636,90352647.0,1425.869
2026-03-23 09:39:00,0.0,1415.45,1419.89,1413.53,865,122480699.0,1424.369
2026-03-23 09:40:00,0.0,1415.3,1417.81,1415.01,754,106816795.0,1423.37
2026-03-23 09:41:00,0.0,1418.0,1418.0,1415.33,549,77698201.0,1422.83
2026-03-23 09:42:00,0.0,1417.5,1418.4,1415.6,372,52713848.0,1422.538
2026-03-23 09:43:00,0.0,1419.89,1421.0,1417.0,287,40747725.0,1422.435
2026-03-23 09:44:00,0.0,1416.81,1418.99,1416.62,227,32179844.0,1422.297
2026-03-23 09:45:00,0.0,1416.01,1417.0,1415.3,322,45605342.0,1422.063
2026-03-23 09:46:00,0.0,1419.22,1419.22,1416.06,227,32184707.0,1421.949
2026-03-23 09:47:00,0.0,1421.41,1422.67,1419.63,407,57841712.0,1421.913
2026-03-23 09:48:00,0.0,1420.0,1422.0,1418.99,199,28260557.0,1421.874
2026-03-23 09:49:00,0.0,1419.5,1421.05,1419.17,227,32235596.0,1421.83
2026-03-23 09:50:00,0.0,1417.76,1419.5,1417.76,285,40429395.0,1421.733
2026-03-23 09:51:00,0.0,1417.82,1418.0,1416.66,303,42939839.0,1421.593
2026-03-23 09:52:00,0.0,1417.82,1419.28,1417.02,188,26710973.0,1421.527
2026-03-23 09:53:00,0.0,1417.0,1418.98,1417.0,225,31897998.0,1421.443
2026-03-23 09:54:00,0.0,1417.0,1417.64,1415.73,344,48652525.0,1421.279
2026-03-23 09:55:00,0.0,1416.97,1417.0,1416.0,216,30592414.0,1421.181
2026-03-23 09:56:00,0.0,1417.59,1417.91,1416.24,245,34726082.0,1421.097
2026-03-23 09:57:00,0.0,1419.9,1421.0,1417.61,298,42311432.0,1421.064
2026-03-23 09:58:00,0.0,1417.18,1420.0,1416.97,188,26661476.0,1421.017
2026-03-23 09:59:00,0.0,1416.13,1417.02,1415.99,272,38521430.0,1420.907
2026-03-23 10:00:00,0.0,1418.0,1418.0,1416.14,129,18281053.0,1420.866
2026-03-23 10:01:00,0.0,1415.7,1417.5,1415.68,496,70231022.0,1420.671
2026-03-23 10:02:00,0.0,1416.17,1417.68,1416.09,135,19122129.0,1420.626
2026-03-23 10:03:00,0.0,1416.96,1416.98,1415.71,210,29749546.0,1420.561
2026-03-23 10:04:00,0.0,1417.18,1417.2,1416.5,157,22246723.0,1420.517
2026-03-23 10:05:00,0.0,1417.15,1417.69,1417.01,233,33023144.0,1420.461
2026-03-23 10:06:00,0.0,1417.68,1417.68,1416.47,225,31881009.0,1420.402
2026-03-23 10:07:00,0.0,1417.93,1417.94,1417.66,78,11066621.0,1420.386
2026-03-23 10:08:00,0.0,1417.51,1418.98,1416.53,212,30047515.0,1420.345
2026-03-23 10:09:00,0.0,1416.54,1418.7,1416.5,121,17149947.0,1420.319
2026-03-23 10:10:00,0.0,1417.41,1418.13,1416.64,106,15023311.0,1420.296
2026-03-23 10:11:00,0.0,1415.87,1417.52,1415.18,262,37107271.0,1420.222
2026-03-23 10:12:00,0.0,1415.5,1417.46,1415.2,135,19113439.0,1420.181
2026-03-23 10:13:00,0.0,1413.18,1415.35,1413.18,422,59684867.0,1420.014
2026-03-23 10:14:00,0.0,1414.0,1414.14,1413.02,162,22901691.0,1419.945
2026-03-23 10:15:00,0.0,1412.7,1413.24,1412.66,295,41685486.0,1419.812
2026-03-23 10:16:00,0.0,1412.7,1414.0,1412.59,192,27132907.0,1419.729
2026-03-23 10:17:00,0.0,1414.59,1414.59,1412.58,295,41700348.0,1419.614
2026-03-23 10:18:00,0.0,1413.25,1414.01,1413.0,100,14134874.0,1419.575
2026-03-23 10:19:00,0.0,1412.6,1413.95,1412.6,129,18228506.0,1419.522
2026-03-23 10:20:00,0.0,1411.54,1412.1,1411.4,248,35017050.0,1419.407
2026-03-23 10:21:00,0.0,1413.0,1413.93,1411.9,103,14551208.0,1419.365
2026-03-23 10:22:00,0.0,1412.1,1413.0,1412.02,59,8333946.0,1419.34
2026-03-23 10:23:00,0.0,1411.1,1412.08,1411.0,166,23429661.0,1419.26
2026-03-23 10:24:00,0.0,1410.23,1411.02,1405.58,729,102767963.0,1418.849
2026-03-23 10:25:00,0.0,1411.97,1412.59,1409.05,259,36536122.0,1418.728
2026-03-23 10:26:00,0.0,1415.4,1415.5,1412.5,188,26585594.0,1418.679
2026-03-23 10:27:00,0.0,1417.3,1418.0,1415.98,101,14307109.0,1418.667
2026-03-23 10:28:00,0.0,1417.89,1418.41,1417.2,111,15737866.0,1418.661
2026-03-23 10:29:00,0.0,1418.3,1418.31,1417.3,86,12194218.0,1418.658
2026-03-23 10:30:00,0.0,1417.14,1418.4,1416.75,88,12474378.0,1418.652
2026-03-23 10:31:00,0.0,1418.95,1419.87,1417.05,226,32071120.0,1418.658
2026-03-23 10:32:00,0.0,1418.19,1419.82,1417.18,127,18013687.0,1418.656
2026-03-23 10:33:00,0.0,1415.6,1418.18,1415.56,94,13318739.0,1418.647
2026-03-23 10:34:00,0.0,1412.99,1415.6,1412.99,130,18384730.0,1418.616
2026-03-23 10:35:00,0.0,1411.96,1413.48,1411.12,138,19497856.0,1418.574
2026-03-23 10:36:00,0.0,1411.3,1412.94,1411.3,224,31628172.0,1418.496
2026-03-23 10:37:00,0.0,1409.25,1411.31,1409.05,162,22844123.0,1418.426
2026-03-23 10:38:00,0.0,1409.82,1411.02,1409.26,161,22701062.0,1418.355
2026-03-23 10:39:00,0.0,1407.09,1409.28,1407.01,186,26196366.0,1418.261
2026-03-23 10:40:00,0.0,1408.96,1408.96,1407.02,139,19569582.0,1418.187
2026-03-23 10:41:00,0.0,1408.02,1408.91,1407.23,137,19293387.0,1418.119
2026-03-23 10:42:00,0.0,1407.39,1408.95,1407.39,139,19572431.0,1418.049
2026-03-23 10:43:00,0.0,1408.02,1408.44,1407.1,197,27732183.0,1417.948
2026-03-23 10:44:00,0.0,1410.87,1410.87,1408.51,94,13244849.0,1417.907
2026-03-23 10:45:00,0.0,1409.84,1411.09,1409.41,114,16080686.0,1417.866
2026-03-23 10:46:00,0.0,1410.81,1411.11,1409.83,90,12694835.0,1417.833
2026-03-23 10:47:00,0.0,1409.99,1410.99,1409.8,130,18337849.0,1417.788
2026-03-23 10:48:00,0.0,1409.99,1410.89,1409.73,99,13960856.0,1417.751
2026-03-23 10:49:00,0.0,1410.51,1410.71,1409.42,68,9588569.0,1417.726
2026-03-23 10:50:00,0.0,1409.5,1410.51,1409.5,122,17204314.0,1417.682
2026-03-23 10:51:00,0.0,1410.6,1410.74,1409.43,68,9587844.0,1417.657
2026-03-23 10:52:00,0.0,1409.68,1410.47,1409.45,57,8035845.0,1417.636
2026-03-23 10:53:00,0.0,1408.81,1409.7,1408.81,101,14234148.0,1417.596
2026-03-23 10:54:00,0.0,1408.5,1408.5,1407.0,187,26323410.0,1417.508
2026-03-23 10:55:00,0.0,1408.6,1409.0,1408.1,61,8593484.0,1417.483
2026-03-23 10:56:00,0.0,1409.76,1409.76,1408.51,94,13244530.0,1417.446
2026-03-23 10:57:00,0.0,1410.36,1410.42,1408.88,65,9165898.0,1417.424
2026-03-23 10:58:00,0.0,1410.0,1410.42,1409.56,86,12127529.0,1417.395
2026-03-23 10:59:00,0.0,1409.81,1410.0,1409.63,60,8459306.0,1417.374
2026-03-23 11:00:00,0.0,1409.63,1409.97,1409.0,73,10290701.0,1417.349
2026-03-23 11:01:00,0.0,1408.98,1409.63,1408.5,136,19161305.0,1417.296
2026-03-23 11:02:00,0.0,1412.77,1412.89,1409.26,262,36902255.0,1417.216
2026-03-23 11:03:00,0.0,1412.99,1414.92,1411.9,84,11871305.0,1417.201
2026-03-23 11:04:00,0.0,1414.4,1414.48,1413.89,89,12586042.0,1417.189
2026-03-23 11:05:00,0.0,1414.39,1414.51,1414.03,99,14001617.0,1417.176
2026-03-23 11:06:00,0.0,1414.49,1414.9,1413.14,91,12866356.0,1417.163
2026-03-23 11:07:00,0.0,1413.44,1414.49,1413.26,39,5514142.0,1417.157
2026-03-23 11:08:00,0.0,1411.87,1412.97,1411.59,159,22460274.0,1417.125
2026-03-23 11:09:00,0.0,1410.0,1412.83,1410.0,408,57574653.0,1417.019
2026-03-23 11:10:00,0.0,1410.01,1412.03,1410.0,292,41178641.0,1416.935
2026-03-23 11:11:00,0.0,1409.84,1410.63,1409.84,48,6768373.0,1416.92
2026-03-23 11:12:00,0.0,1409.45,1410.0,1409.0,38,5356236.0,1416.908
2026-03-23 11:13:00,0.0,1409.51,1409.51,1408.94,51,7186680.0,1416.892
2026-03-23 11:14:00,0.0,1409.51,1409.57,1409.27,53,7470127.0,1416.875
2026-03-23 11:15:00,0.0,1409.5,1409.52,1408.97,86,12118184.0,1416.847
2026-03-23 11:16:00,0.0,1409.09,1409.5,1409.0,54,7610088.0,1416.829
2026-03-23 11:17:00,0.0,1409.54,1410.76,1409.02,108,15224530.0,1416.797
2026-03-23 11:18:00,0.0,1410.93,1410.93,1409.6,66,9307711.0,1416.779
2026-03-23 11:19:00,0.0,1410.84,1411.49,1410.01,43,6065824.0,1416.768
2026-03-23 11:20:00,0.0,1410.7,1411.5,1410.0,91,12837883.0,1416.745
2026-03-23 11:21:00,0.0,1410.88,1411.44,1410.02,63,8888129.0,1416.73
2026-03-23 11:22:00,0.0,1410.99,1411.3,1410.06,52,7335699.0,1416.717
2026-03-23 11:23:00,0.0,1409.51,1410.06,1409.51,73,10292202.0,1416.696
2026-03-23 11:24:00,0.0,1409.32,1409.59,1409.01,52,7327671.0,1416.68
2026-03-23 11:25:00,0.0,1409.01,1409.42,1409.0,87,12259244.0,1416.653
2026-03-23 11:26:00,0.0,1408.0,1409.78,1408.0,106,14931595.0,1416.618
2026-03-23 11:27:00,0.0,1408.68,1408.72,1407.78,87,12251098.0,1416.588
2026-03-23 11:28:00,0.0,1408.68,1408.7,1408.2,34,4789095.0,1416.577
2026-03-23 11:29:00,0.0,1408.38,1408.38,1408.0,59,8308563.0,1416.557
2026-03-23 11:30:00,0.0,1408.57,1408.58,1408.02,72,10140398.0,1416.533
2026-03-23 13:01:00,0.0,1415.01,1415.99,1408.5,531,74907382.0,1416.416
2026-03-23 13:02:00,0.0,1417.46,1418.86,1415.91,270,38276902.0,1416.429
2026-03-23 13:03:00,0.0,1416.46,1418.1,1416.46,169,23956557.0,1416.437
2026-03-23 13:04:00,0.0,1416.33,1418.0,1415.97,158,22394367.0,1416.442
2026-03-23 13:05:00,0.0,1415.99,1417.89,1415.93,145,20539899.0,1416.443
2026-03-23 13:06:00,0.0,1415.97,1417.0,1415.88,88,12461209.0,1416.442
2026-03-23 13:07:00,0.0,1417.41,1417.43,1415.87,113,16005816.0,1416.442
2026-03-23 13:08:00,0.0,1418.06,1418.96,1417.41,234,33187031.0,1416.458
2026-03-23 13:09:00,0.0,1415.89,1418.18,1415.89,92,13036031.0,1416.459
2026-03-23 13:10:00,0.0,1415.35,1415.93,1415.35,156,22084068.0,1416.455
2026-03-23 13:11:00,0.0,1414.68,1414.96,1414.14,102,14429213.0,1416.448
2026-03-23 13:12:00,0.0,1414.17,1415.0,1414.17,129,18250692.0,1416.44
2026-03-23 13:13:00,0.0,1413.14,1414.18,1413.1,112,15834391.0,1416.429
2026-03-23 13:14:00,0.0,1416.0,1416.83,1412.08,161,22804239.0,1416.416
2026-03-23 13:15:00,0.0,1416.72,1416.72,1415.79,98,13877176.0,1416.414
2026-03-23 13:16:00,0.0,1414.48,1417.0,1414.4,117,16562673.0,1416.411
2026-03-23 13:17:00,0.0,1413.22,1414.55,1413.0,109,15409448.0,1416.4
2026-03-23 13:18:00,0.0,1412.66,1412.96,1412.64,69,9748407.0,1416.391
2026-03-23 13:19:00,0.0,1412.73,1413.51,1412.49,158,22324035.0,1416.371
2026-03-23 13:20:00,0.0,1412.25,1412.7,1412.07,88,12428269.0,1416.358
2026-03-23 13:21:00,0.0,1410.81,1412.11,1410.81,124,17554252.0,1416.338
2026-03-23 13:22:00,0.0,1409.87,1410.9,1409.18,120,16873061.0,1416.311
2026-03-23 13:23:00,0.0,1409.86,1409.9,1409.15,86,12137775.0,1416.291
2026-03-23 13:24:00,0.0,1409.7,1409.85,1409.52,74,10431744.0,1416.274
2026-03-23 13:25:00,0.0,1409.6,1409.68,1409.52,75,10572008.0,1416.256
2026-03-23 13:26:00,0.0,1410.71,1410.71,1409.6,68,9586761.0,1416.241
2026-03-23 13:27:00,0.0,1409.0,1410.92,1409.0,168,23684787.0,1416.203
2026-03-23 13:28:00,0.0,1408.86,1408.93,1408.5,113,15976368.0,1416.173
2026-03-23 13:29:00,0.0,1408.53,1409.95,1408.51,240,33817096.0,1416.114
2026-03-23 13:30:00,0.0,1408.28,1408.53,1408.24,75,10563158.0,1416.094
2026-03-23 13:31:00,0.0,1406.93,1408.2,1406.93,292,41097846.0,1416.008
2026-03-23 13:32:00,0.0,1406.53,1407.45,1406.5,157,22085576.0,1415.958
2026-03-23 13:33:00,0.0,1405.74,1406.53,1405.74,305,42886686.0,1415.857
2026-03-23 13:34:00,0.0,1406.0,1406.36,1405.0,324,45535449.0,1415.744
2026-03-23 13:35:00,0.0,1409.41,1409.98,1405.23,139,19628745.0,1415.706
2026-03-23 13:36:00,0.0,1411.68,1411.68,1408.01,143,20155999.0,1415.677
2026-03-23 13:37:00,0.0,1408.24,1411.65,1408.1,128,18040661.0,1415.651
2026-03-23 13:38:00,0.0,1409.31,1409.31,1408.0,167,23521397.0,1415.611
2026-03-23 13:39:00,0.0,1411.4,1411.4,1408.26,161,22690157.0,1415.579
2026-03-23 13:40:00,0.0,1409.08,1409.93,1408.52,111,15642669.0,1415.556
2026-03-23 13:41:00,0.0,1406.68,1408.52,1406.67,128,18017236.0,1415.523
2026-03-23 13:42:00,0.0,1406.77,1407.2,1406.0,111,15613720.0,1415.491
2026-03-23 13:43:00,0.0,1405.24,1406.99,1405.22,270,37973911.0,1415.413
2026-03-23 13:44:00,0.0,1405.11,1406.0,1405.06,189,26559321.0,1415.352
2026-03-23 13:45:00,0.0,1405.27,1406.36,1405.11,181,25439430.0,1415.296
2026-03-23 13:46:00,0.0,1405.65,1406.33,1405.27,127,17853213.0,1415.258
2026-03-23 13:47:00,0.0,1406.0,1406.0,1405.33,191,26875772.0,1415.201
2026-03-23 13:48:00,0.0,1405.95,1406.76,1405.93,131,18421373.0,1415.164
2026-03-23 13:49:00,0.0,1406.74,1406.74,1405.55,120,16868841.0,1415.129
2026-03-23 13:50:00,0.0,1405.51,1406.37,1405.5,109,15321810.0,1415.097
2026-03-23 13:51:00,0.0,1406.3,1406.55,1405.51,103,14481163.0,1415.068
2026-03-23 13:52:00,0.0,1405.16,1406.28,1405.01,376,52838415.0,1414.957
2026-03-23 13:53:00,0.0,1404.67,1405.05,1404.44,403,56619932.0,1414.836
2026-03-23 13:54:00,0.0,1406.74,1408.49,1404.67,157,22120950.0,1414.792
2026-03-23 13:55:00,0.0,1406.85,1408.4,1406.73,83,11682109.0,1414.774
2026-03-23 13:56:00,0.0,1408.4,1408.4,1406.7,98,13791866.0,1414.753
2026-03-23 13:57:00,0.0,1408.99,1411.14,1407.59,133,18745516.0,1414.732
2026-03-23 13:58:00,0.0,1408.0,1409.99,1407.43,129,18172619.0,1414.709
2026-03-23 13:59:00,0.0,1407.34,1408.19,1407.34,88,12389152.0,1414.691
2026-03-23 14:00:00,0.0,1405.0,1407.01,1405.0,117,16451063.0,1414.662
2026-03-23 14:01:00,0.0,1404.43,1405.15,1404.18,244,34249385.0,1414.591
2026-03-23 14:02:00,0.0,1405.1,1407.37,1404.37,122,17087019.0,1414.558
2026-03-23 14:03:00,0.0,1404.54,1405.06,1404.43,175,24583103.0,1414.508
2026-03-23 14:04:00,0.0,1403.78,1404.56,1403.74,229,32157140.0,1414.441
2026-03-23 14:05:00,0.0,1403.46,1403.77,1403.4,125,17544781.0,1414.402
2026-03-23 14:06:00,0.0,1402.96,1403.5,1402.86,212,29747844.0,1414.335
2026-03-23 14:07:00,0.0,1402.6,1403.0,1402.57,201,28197089.0,1414.269
2026-03-23 14:08:00,0.0,1402.1,1402.62,1402.07,234,32814740.0,1414.191
2026-03-23 14:09:00,0.0,1402.26,1402.51,1402.0,349,48918781.0,1414.074
2026-03-23 14:10:00,0.0,1403.05,1403.18,1401.88,262,36769035.0,1413.988
2026-03-23 14:11:00,0.0,1403.37,1403.39,1402.14,138,19357637.0,1413.945
2026-03-23 14:12:00,0.0,1402.31,1403.39,1401.87,202,28329436.0,1413.882
2026-03-23 14:13:00,0.0,1401.99,1402.29,1401.14,176,24671672.0,1413.824
2026-03-23 14:14:00,0.0,1401.56,1401.99,1401.5,202,28312557.0,1413.757
2026-03-23 14:15:00,0.0,1402.19,1402.98,1401.47,216,30299658.0,1413.69
2026-03-23 14:16:00,0.0,1404.68,1404.98,1402.18,139,19453962.0,1413.652
2026-03-23 14:17:00,0.0,1403.0,1405.03,1403.0,169,23663962.0,1413.61
2026-03-23 14:18:00,0.0,1402.39,1403.14,1401.92,189,26492309.0,1413.554
2026-03-23 14:19:00,0.0,1401.58,1402.4,1401.57,151,21168595.0,1413.507
2026-03-23 14:20:00,0.0,1403.13,1403.13,1401.55,176,24711474.0,1413.455
2026-03-23 14:21:00,0.0,1402.3,1403.95,1402.3,168,23564934.0,1413.408
2026-03-23 14:22:00,0.0,1403.37,1403.66,1402.0,166,23281028.0,1413.36
2026-03-23 14:23:00,0.0,1401.83,1402.98,1401.83,232,32528867.0,1413.293
2026-03-23 14:24:00,0.0,1401.93,1403.0,1401.62,253,35497273.0,1413.219
2026-03-23 14:25:00,0.0,1404.99,1404.99,1401.98,271,38091423.0,1413.151
2026-03-23 14:26:00,0.0,1404.56,1404.99,1403.32,127,17834968.0,1413.123
2026-03-23 14:27:00,0.0,1404.03,1404.4,1403.31,180,25269323.0,1413.08
2026-03-23 14:28:00,0.0,1403.88,1406.0,1403.5,200,28094267.0,1413.038
2026-03-23 14:29:00,0.0,1403.0,1403.88,1403.0,152,21332666.0,1413.002
2026-03-23 14:30:00,0.0,1401.22,1403.21,1401.15,263,36897819.0,1412.929
2026-03-23 14:31:00,0.0,1401.34,1401.87,1401.2,208,29149868.0,1412.869
2026-03-23 14:32:00,0.0,1401.71,1402.29,1401.28,216,30274591.0,1412.809
2026-03-23 14:33:00,0.0,1401.59,1401.59,1401.07,205,28697580.0,1412.751
2026-03-23 14:34:00,0.0,1401.96,1402.93,1401.2,172,24107570.0,1412.704
2026-03-23 14:35:00,0.0,1401.28,1402.95,1401.28,188,26355470.0,1412.654
2026-03-23 14:36:00,0.0,1401.07,1402.0,1401.03,241,33775724.0,1412.589
2026-03-23 14:37:00,0.0,1401.28,1402.9,1401.01,157,22004985.0,1412.547
2026-03-23 14:38:00,0.0,1400.97,1401.31,1400.97,482,67534909.0,1412.416
2026-03-23 14:39:00,0.0,1400.9,1401.25,1400.9,138,19333754.0,1412.379
2026-03-23 14:40:00,0.0,1401.23,1402.0,1400.56,297,41608348.0,1412.298
2026-03-23 14:41:00,0.0,1402.0,1403.33,1401.23,164,22994259.0,1412.259
2026-03-23 14:42:00,0.0,1401.5,1403.28,1401.5,161,22575856.0,1412.221
2026-03-23 14:43:00,0.0,1401.21,1401.78,1401.18,222,31109467.0,1412.165
2026-03-23 14:44:00,0.0,1401.21,1401.78,1401.21,131,18359933.0,1412.132
2026-03-23 14:45:00,0.0,1401.3,1401.56,1401.2,278,38959096.0,1412.064
2026-03-23 14:46:00,0.0,1400.4,1401.42,1400.38,426,59677085.0,1411.954
2026-03-23 14:47:00,0.0,1400.35,1400.48,1400.05,244,34166171.0,1411.889
2026-03-23 14:48:00,0.0,1401.43,1401.43,1400.03,278,38932803.0,1411.818
2026-03-23 14:49:00,0.0,1400.6,1401.54,1400.11,261,36565478.0,1411.754
2026-03-23 14:50:00,0.0,1401.87,1402.09,1400.83,214,29993706.0,1411.705
2026-03-23 14:51:00,0.0,1403.0,1404.99,1401.76,271,38022310.0,1411.653
2026-03-23 14:52:00,0.0,1403.0,1403.77,1401.57,266,37312503.0,1411.601
2026-03-23 14:53:00,0.0,1404.4,1406.0,1403.01,381,53532242.0,1411.545
2026-03-23 14:54:00,0.0,1405.65,1407.01,1404.0,291,40903429.0,1411.507
2026-03-23 14:55:00,0.0,1406.57,1407.82,1405.65,364,51204893.0,1411.47
2026-03-23 14:56:00,0.0,1408.02,1409.78,1405.59,401,56448550.0,1411.437
2026-03-23 14:57:00,0.0,1408.11,1409.83,1408.01,243,34243413.0,1411.426
2026-03-23 14:58:00,0.0,1408.11,1408.11,1408.11,0,0.0,1411.426
2026-03-23 14:59:00,0.0,1408.11,1408.11,1408.11,0,0.0,1411.426
2026-03-23 15:00:00,0.0,1408.07,1408.07,1408.07,326,45870697.0,1411.403
2026-03-24 09:30:00,0.0,1416.0,1416.0,1416.0,235,33290160.0,1416.0
2026-03-24 09:31:00,0.0,1414.14,1417.59,1410.4,595,84181603.0,1415.322
2026-03-24 09:32:00,0.0,1410.0,1414.29,1410.0,873,123079039.0,1412.927
2026-03-24 09:33:00,0.0,1413.73,1413.73,1409.99,340,47990305.0,1412.582
2026-03-24 09:34:00,0.0,1405.56,1412.0,1405.56,346,48773703.0,1412.157
2026-03-24 09:35:00,0.0,1406.58,1407.01,1404.1,411,57773241.0,1411.205
2026-03-24 09:36:00,0.0,1403.99,1406.97,1401.87,300,42127622.0,1410.532
2026-03-24 09:37:00,0.0,1403.63,1404.28,1403.0,262,36771217.0,1409.983
2026-03-24 09:38:00,0.0,1402.12,1403.95,1401.24,237,33234839.0,1409.478
2026-03-24 09:39:00,0.0,1403.0,1404.28,1402.5,135,18943201.0,1409.251
2026-03-24 09:40:00,0.0,1404.87,1404.87,1402.99,176,24695908.0,1408.977
2026-03-24 09:41:00,0.0,1404.58,1404.86,1403.2,200,28073182.0,1408.719
2026-03-24 09:42:00,0.0,1405.07,1407.0,1404.64,159,22348217.0,1408.601
2026-03-24 09:43:00,0.0,1403.5,1405.65,1403.5,255,35821773.0,1408.385
2026-03-24 09:44:00,0.0,1402.5,1404.5,1402.5,327,45897114.0,1408.061
2026-03-24 09:45:00,0.0,1402.02,1402.6,1401.6,198,27761237.0,1407.827
2026-03-24 09:46:00,0.0,1401.97,1402.09,1401.55,136,19064902.0,1407.669
2026-03-24 09:47:00,0.0,1401.0,1401.97,1401.0,275,38532850.0,1407.343
2026-03-24 09:48:00,0.0,1400.95,1401.0,1400.18,195,27310912.0,1407.109
2026-03-24 09:49:00,0.0,1402.92,1403.0,1400.7,157,22001249.0,1406.954
2026-03-24 09:50:00,0.0,1401.28,1402.91,1401.27,95,13318547.0,1406.873
2026-03-24 09:51:00,0.0,1401.77,1402.01,1401.51,181,25375035.0,1406.727
2026-03-24 09:52:00,0.0,1401.99,1403.45,1401.58,242,33931882.0,1406.551
2026-03-24 09:53:00,0.0,1402.16,1402.16,1401.03,205,28728323.0,1406.389
2026-03-24 09:54:00,0.0,1403.15,1403.15,1402.08,98,13746225.0,1406.334
2026-03-24 09:55:00,0.0,1403.78,1403.79,1402.09,244,34231632.0,1406.214
2026-03-24 09:56:00,0.0,1402.75,1403.78,1402.72,208,29193181.0,1406.135
2026-03-24 09:57:00,0.0,1403.52,1403.52,1402.21,116,16291091.0,1406.083
2026-03-24 09:58:00,0.0,1401.6,1403.99,1401.6,95,13323746.0,1406.037
2026-03-24 09:59:00,0.0,1402.54,1403.01,1401.58,165,23143869.0,1405.962
2026-03-24 10:00:00,0.0,1401.8,1402.54,1401.8,110,15422225.0,1405.905
2026-03-24 10:01:00,0.0,1400.21,1401.9,1400.21,213,29838886.0,1405.767
2026-03-24 10:02:00,0.0,1401.2,1401.2,1400.28,149,20820698.0,1405.671
2026-03-24 10:03:00,0.0,1403.42,1403.42,1402.0,116,16286093.0,1405.63
2026-03-24 10:04:00,0.0,1406.33,1406.66,1403.39,223,31328249.0,1405.609
2026-03-24 10:05:00,0.0,1406.89,1407.66,1405.9,132,18569772.0,1405.627
2026-03-24 10:06:00,0.0,1407.46,1407.55,1406.27,223,31376301.0,1405.663
2026-03-24 10:07:00,0.0,1406.65,1407.43,1406.33,112,15756274.0,1405.678
2026-03-24 10:08:00,0.0,1405.03,1407.12,1405.0,141,19829213.0,1405.688
2026-03-24 10:09:00,0.0,1407.33,1407.38,1405.97,131,18425223.0,1405.7
2026-03-24 10:10:00,0.0,1408.14,1408.18,1406.66,182,25622647.0,1405.742
2026-03-24 10:11:00,0.0,1409.6,1411.0,1408.22,278,39195416.0,1405.865
2026-03-24 10:12:00,0.0,1408.61,1409.98,1408.61,136,19164418.0,1405.911
2026-03-24 10:13:00,0.0,1409.41,1410.0,1408.99,128,18054863.0,1405.957
2026-03-24 10:14:00,0.0,1406.68,1409.48,1406.68,198,27883231.0,1406.003
2026-03-24 10:15:00,0.0,1407.0,1408.11,1406.82,216,30409068.0,1406.042
2026-03-24 10:16:00,0.0,1405.16,1407.78,1405.16,153,21557414.0,1406.05
2026-03-24 10:17:00,0.0,1405.22,1405.56,1404.16,176,24694435.0,1406.035
2026-03-24 10:18:00,0.0,1405.36,1406.02,1405.22,127,17849801.0,1406.029
2026-03-24 10:19:00,0.0,1405.39,1406.02,1405.36,95,13354398.0,1406.026
2026-03-24 10:20:00,0.0,1403.66,1405.97,1403.51,176,24727151.0,1406.009
2026-03-24 10:21:00,0.0,1406.01,1406.01,1404.31,158,22204544.0,1405.999
2026-03-24 10:22:00,0.0,1407.93,1407.96,1407.02,85,11964719.0,1406.012
2026-03-24 10:23:00,0.0,1409.02,1409.66,1407.12,140,19716461.0,1406.04
2026-03-24 10:24:00,0.0,1411.66,1411.66,1409.63,126,17773950.0,1406.091
2026-03-24 10:25:00,0.0,1411.2,1411.87,1411.06,130,18347788.0,1406.151
2026-03-24 10:26:00,0.0,1411.5,1411.5,1410.75,133,18767236.0,1406.207
2026-03-24 10:27:00,0.0,1410.74,1411.09,1410.02,83,11710111.0,1406.24
2026-03-24 10:28:00,0.0,1411.09,1411.5,1410.42,122,17211708.0,1406.287
2026-03-24 10:29:00,0.0,1411.85,1411.86,1411.5,115,16234196.0,1406.338
2026-03-24 10:30:00,0.0,1410.85,1411.85,1410.05,64,9028738.0,1406.362
2026-03-24 10:31:00,0.0,1408.78,1410.51,1408.77,82,11556846.0,1406.382
2026-03-24 10:32:00,0.0,1409.0,1409.02,1408.96,67,9440361.0,1406.397
2026-03-24 10:33:00,0.0,1410.73,1410.81,1409.01,94,13253770.0,1406.424
2026-03-24 10:34:00,0.0,1410.74,1410.97,1410.01,48,6771350.0,1406.441
2026-03-24 10:35:00,0.0,1410.15,1410.72,1410.15,69,9731042.0,1406.462
2026-03-24 10:36:00,0.0,1412.0,1412.95,1410.17,223,31482775.0,1406.556
2026-03-24 10:37:00,0.0,1410.93,1412.47,1410.5,149,21030805.0,1406.614
2026-03-24 10:38:00,0.0,1410.83,1412.19,1410.5,133,18765846.0,1406.658
2026-03-24 10:39:00,0.0,1409.22,1410.75,1409.22,105,14807505.0,1406.687
2026-03-24 10:40:00,0.0,1407.97,1409.97,1407.97,119,16764047.0,1406.706
2026-03-24 10:41:00,0.0,1407.5,1408.5,1407.5,53,7462165.0,1406.711
2026-03-24 10:42:00,0.0,1407.65,1407.79,1407.0,58,8163476.0,1406.714
2026-03-24 10:43:00,0.0,1406.05,1407.05,1406.01,47,6611566.0,1406.714
2026-03-24 10:44:00,0.0,1406.02,1406.32,1406.02,70,9842626.0,1406.711
2026-03-24 10:45:00,0.0,1406.89,1407.21,1405.89,154,21655541.0,1406.705
2026-03-24 10:46:00,0.0,1407.24,1407.69,1406.81,68,9567939.0,1406.707
2026-03-24 10:47:00,0.0,1409.2,1409.47,1407.21,105,14791001.0,1406.722
2026-03-24 10:48:00,0.0,1409.15,1409.98,1408.07,100,14093056.0,1406.741
2026-03-24 10:49:00,0.0,1408.1,1409.22,1408.08,86,12111965.0,1406.751
2026-03-24 10:50:00,0.0,1406.78,1409.05,1406.78,90,12672313.0,1406.759
2026-03-24 10:51:00,0.0,1406.71,1408.09,1406.41,74,10413638.0,1406.762
2026-03-24 10:52:00,0.0,1406.79,1407.67,1406.62,60,8440914.0,1406.762
2026-03-24 10:53:00,0.0,1406.38,1406.51,1406.0,86,12093484.0,1406.759
2026-03-24 10:54:00,0.0,1406.39,1406.96,1406.04,97,13643732.0,1406.758
2026-03-24 10:55:00,0.0,1404.88,1406.17,1404.37,186,26135728.0,1406.737
2026-03-24 10:56:00,0.0,1404.51,1404.99,1404.51,88,12362073.0,1406.725
2026-03-24 10:57:00,0.0,1404.01,1404.76,1404.0,167,23448991.0,1406.696
2026-03-24 10:58:00,0.0,1404.66,1404.84,1404.01,103,14467411.0,1406.681
2026-03-24 10:59:00,0.0,1405.3,1405.34,1404.85,97,13628595.0,1406.67
2026-03-24 11:00:00,0.0,1405.44,1405.44,1405.31,48,6745819.0,1406.666
2026-03-24 11:01:00,0.0,1404.58,1405.47,1404.03,118,16578333.0,1406.652
2026-03-24 11:02:00,0.0,1405.05,1405.23,1404.5,42,5901017.0,1406.648
2026-03-24 11:03:00,0.0,1404.6,1405.23,1404.57,68,9552827.0,1406.64
2026-03-24 11:04:00,0.0,1405.54,1405.74,1404.6,56,7828634.0,1406.634
2026-03-24 11:05:00,0.0,1405.34,1406.0,1405.32,47,6605945.0,1406.63
2026-03-24 11:06:00,0.0,1404.79,1405.32,1404.78,89,12503930.0,1406.621
2026-03-24 11:07:00,0.0,1405.0,1406.02,1404.79,57,8008964.0,1406.615
2026-03-24 11:08:00,0.0,1404.82,1405.99,1404.82,62,8711635.0,1406.609
2026-03-24 11:09:00,0.0,1404.59,1405.33,1404.5,147,20649225.0,1406.591
2026-03-24 11:10:00,0.0,1404.89,1405.0,1404.59,60,8428759.0,1406.584
2026-03-24 11:11:00,0.0,1405.77,1405.77,1404.9,74,10399401.0,1406.578
2026-03-24 11:12:00,0.0,1406.0,1406.06,1405.63,77,10824557.0,1406.574
2026-03-24 11:13:00,0.0,1405.92,1406.02,1405.78,47,6607981.0,1406.572
2026-03-24 11:14:00,0.0,1405.82,1405.96,1405.82,34,4780107.0,1406.571
2026-03-24 11:15:00,0.0,1405.0,1405.93,1405.0,50,7027590.0,1406.568
2026-03-24 11:16:00,0.0,1405.59,1405.59,1405.0,73,10258726.0,1406.562
2026-03-24 11:17:00,0.0,1405.48,1405.62,1405.26,59,8292526.0,1406.558
2026-03-24 11:18:00,0.0,1405.2,1405.59,1405.17,96,13490641.0,1406.551
2026-03-24 11:19:00,0.0,1407.5,1407.51,1405.2,89,12512551.0,1406.547
2026-03-24 11:20:00,0.0,1407.04,1408.78,1406.94,49,6897863.0,1406.551
2026-03-24 11:21:00,0.0,1406.93,1407.43,1406.93,108,15195390.0,1406.553
2026-03-24 11:22:00,0.0,1407.59,1407.59,1406.09,61,8581663.0,1406.554
2026-03-24 11:23:00,0.0,1408.8,1409.0,1407.74,69,9737874.0,1406.564
2026-03-24 11:24:00,0.0,1408.56,1408.78,1408.3,44,6198059.0,1406.569
2026-03-24 11:25:00,0.0,1408.04,1408.75,1407.94,59,8309672.0,1406.576
2026-03-24 11:26:00,0.0,1407.72,1408.37,1407.72,54,7586911.0,1406.581
2026-03-24 11:27:00,0.0,1408.0,1408.03,1407.6,40,5648262.0,1406.584
2026-03-24 11:28:00,0.0,1407.65,1408.02,1407.08,75,10558288.0,1406.589
2026-03-24 11:29:00,0.0,1406.01,1407.65,1406.01,71,9989398.0,1406.591
2026-03-24 11:30:00,0.0,1406.59,1406.98,1406.21,40,5625811.0,1406.59
2026-03-24 13:01:00,0.0,1406.0,1407.01,1405.99,453,63722026.0,1406.592
2026-03-24 13:02:00,0.0,1408.0,1409.72,1406.0,131,18489009.0,1406.601
2026-03-24 13:03:00,0.0,1407.07,1407.79,1407.0,72,10139219.0,1406.604
2026-03-24 13:04:00,0.0,1407.17,1407.2,1407.0,77,10834775.0,1406.606
2026-03-24 13:05:00,0.0,1405.91,1407.27,1405.91,129,18140571.0,1406.607
2026-03-24 13:06:00,0.0,1405.15,1406.05,1405.1,109,15322629.0,1406.602
2026-03-24 13:07:00,0.0,1405.86,1405.87,1405.11,77,10822824.0,1406.597
2026-03-24 13:08:00,0.0,1405.14,1405.6,1405.1,44,6183203.0,1406.594
2026-03-24 13:09:00,0.0,1405.1,1405.58,1405.1,60,8431027.0,1406.589
2026-03-24 13:10:00,0.0,1405.08,1405.18,1405.08,45,6323052.0,1406.586
2026-03-24 13:11:00,0.0,1405.79,1405.97,1405.09,101,14195620.0,1406.58
2026-03-24 13:12:00,0.0,1406.0,1406.53,1405.97,63,8858985.0,1406.579
2026-03-24 13:13:00,0.0,1405.92,1405.95,1405.88,48,6748375.0,1406.577
2026-03-24 13:14:00,0.0,1406.5,1407.14,1405.95,51,7172793.0,1406.576
2026-03-24 13:15:00,0.0,1406.5,1407.0,1406.4,37,5204588.0,1406.577
2026-03-24 13:16:00,0.0,1406.53,1406.87,1406.39,43,6048091.0,1406.576
2026-03-24 13:17:00,0.0,1406.54,1406.85,1406.43,52,7314316.0,1406.577
2026-03-24 13:18:00,0.0,1406.83,1406.83,1406.46,44,6189494.0,1406.577
2026-03-24 13:19:00,0.0,1406.83,1406.92,1406.83,50,7034274.0,1406.578
2026-03-24 13:20:00,0.0,1406.82,1406.89,1406.81,45,6330731.0,1406.578
2026-03-24 13:21:00,0.0,1407.01,1407.27,1406.82,51,7175629.0,1406.579
2026-03-24 13:22:00,0.0,1407.11,1407.45,1406.91,45,6331791.0,1406.58
2026-03-24 13:23:00,0.0,1407.12,1407.14,1406.8,42,5909595.0,1406.581
2026-03-24 13:24:00,0.0,1407.99,1408.0,1407.08,63,8866270.0,1406.584
2026-03-24 13:25:00,0.0,1407.47,1408.18,1407.47,59,8307123.0,1406.588
2026-03-24 13:26:00,0.0,1406.92,1407.1,1406.92,73,10271328.0,1406.59
2026-03-24 13:27:00,0.0,1406.5,1406.93,1406.47,46,6471080.0,1406.59
2026-03-24 13:28:00,0.0,1405.79,1406.48,1405.79,100,14061036.0,1406.588
2026-03-24 13:29:00,0.0,1405.09,1405.55,1405.0,116,16300144.0,1406.58
2026-03-24 13:30:00,0.0,1405.16,1406.18,1405.1,53,7448098.0,1406.576
2026-03-24 13:31:00,0.0,1405.1,1405.99,1405.1,94,13209595.0,1406.57
2026-03-24 13:32:00,0.0,1404.7,1405.29,1404.7,168,23604486.0,1406.557
2026-03-24 13:33:00,0.0,1404.59,1404.7,1404.5,52,7303843.0,1406.551
2026-03-24 13:34:00,0.0,1404.99,1405.0,1404.58,47,6601926.0,1406.547
2026-03-24 13:35:00,0.0,1405.0,1405.07,1404.8,75,10537385.0,1406.541
2026-03-24 13:36:00,0.0,1404.98,1405.06,1404.8,58,8148629.0,1406.536
2026-03-24 13:37:00,0.0,1404.77,1405.0,1404.7,43,6040905.0,1406.533
2026-03-24 13:38:00,0.0,1404.79,1405.02,1404.77,99,13907738.0,1406.524
2026-03-24 13:39:00,0.0,1404.96,1405.01,1404.96,64,8991906.0,1406.519
2026-03-24 13:40:00,0.0,1404.78,1405.99,1404.78,195,27399161.0,1406.505
2026-03-24 13:41:00,0.0,1404.5,1404.79,1404.4,104,14566393.0,1406.496
2026-03-24 13:42:00,0.0,1403.98,1404.54,1403.98,113,15866856.0,1406.483
2026-03-24 13:43:00,0.0,1403.97,1404.09,1403.94,58,8143244.0,1406.476
2026-03-24 13:44:00,0.0,1403.73,1403.99,1403.73,63,8844723.0,1406.468
2026-03-24 13:45:00,0.0,1403.56,1403.96,1403.56,36,5053415.0,1406.463
2026-03-24 13:46:00,0.0,1404.56,1404.56,1403.56,64,8983549.0,1406.455
2026-03-24 13:47:00,0.0,1403.95,1404.56,1403.79,86,12073982.0,1406.444
2026-03-24 13:48:00,0.0,1404.7,1404.7,1403.94,113,15866792.0,1406.432
2026-03-24 13:49:00,0.0,1403.95,1404.79,1403.95,61,8567833.0,1406.427
2026-03-24 13:50:00,0.0,1403.94,1404.01,1403.91,76,10670212.0,1406.418
2026-03-24 13:51:00,0.0,1404.04,1404.09,1403.91,44,6177519.0,1406.413
2026-03-24 13:52:00,0.0,1404.14,1404.16,1404.01,52,7301064.0,1406.407
2026-03-24 13:53:00,0.0,1405.3,1405.82,1404.14,185,25993846.0,1406.395
2026-03-24 13:54:00,0.0,1405.13,1405.31,1405.13,39,5480259.0,1406.393
2026-03-24 13:55:00,0.0,1404.91,1405.13,1404.88,59,8289458.0,1406.389
2026-03-24 13:56:00,0.0,1404.88,1404.91,1404.87,44,6181530.0,1406.386
2026-03-24 13:57:00,0.0,1404.9,1404.91,1404.87,35,4931163.0,1406.384
2026-03-24 13:58:00,0.0,1404.0,1404.87,1404.0,61,8552274.0,1406.378
2026-03-24 13:59:00,0.0,1403.15,1404.05,1403.01,119,16703122.0,1406.363
2026-03-24 14:00:00,0.0,1403.29,1403.41,1403.0,127,17819132.0,1406.344
2026-03-24 14:01:00,0.0,1405.44,1405.44,1403.41,69,9690572.0,1406.337
2026-03-24 14:02:00,0.0,1405.05,1405.58,1405.02,47,6604503.0,1406.335
2026-03-24 14:03:00,0.0,1405.95,1405.95,1405.01,96,13493990.0,1406.332
2026-03-24 14:04:00,0.0,1406.21,1406.8,1405.95,55,7733998.0,1406.332
2026-03-24 14:05:00,0.0,1405.34,1406.51,1404.81,73,10259168.0,1406.328
2026-03-24 14:06:00,0.0,1406.9,1406.99,1405.01,115,16173236.0,1406.329
2026-03-24 14:07:00,0.0,1406.96,1406.99,1406.26,83,11677309.0,1406.331
2026-03-24 14:08:00,0.0,1405.96,1406.97,1405.56,69,9693373.0,1406.331
2026-03-24 14:09:00,0.0,1405.8,1407.0,1405.7,60,8438779.0,1406.332
2026-03-24 14:10:00,0.0,1405.02,1406.1,1405.01,70,9850215.0,1406.329
2026-03-24 14:11:00,0.0,1404.5,1405.02,1404.04,112,15730911.0,1406.32
2026-03-24 14:12:00,0.0,1404.91,1404.91,1404.08,44,6180065.0,1406.317
2026-03-24 14:13:00,0.0,1404.92,1404.94,1404.76,49,6883866.0,1406.314
2026-03-24 14:14:00,0.0,1404.94,1404.94,1404.79,62,8710227.0,1406.31
2026-03-24 14:15:00,0.0,1405.81,1405.81,1404.81,75,10539475.0,1406.306
2026-03-24 14:16:00,0.0,1407.44,1407.6,1406.4,87,12241610.0,1406.309
2026-03-24 14:17:00,0.0,1406.93,1407.24,1406.48,70,9847926.0,1406.311
2026-03-24 14:18:00,0.0,1406.96,1407.41,1406.5,72,10129911.0,1406.313
2026-03-24 14:19:00,0.0,1407.91,1407.93,1406.97,101,14216160.0,1406.318
2026-03-24 14:20:00,0.0,1407.81,1407.98,1407.6,129,18161710.0,1406.327
2026-03-24 14:21:00,0.0,1408.5,1408.5,1407.11,108,15205109.0,1406.334
2026-03-24 14:22:00,0.0,1408.66,1408.71,1408.32,74,10422843.0,1406.341
2026-03-24 14:23:00,0.0,1408.02,1409.05,1408.02,97,13663897.0,1406.35
2026-03-24 14:24:00,0.0,1409.5,1409.5,1408.02,109,15285248.0,1406.362
2026-03-24 14:25:00,0.0,1409.0,1409.3,1408.5,75,10567931.0,1406.37
2026-03-24 14:26:00,0.0,1408.53,1409.07,1408.08,63,8875600.0,1406.377
2026-03-24 14:27:00,0.0,1407.14,1408.44,1407.13,79,11120505.0,1406.381
2026-03-24 14:28:00,0.0,1407.1,1407.2,1407.1,62,8724541.0,1406.383
2026-03-24 14:29:00,0.0,1406.88,1407.24,1406.88,83,11678821.0,1406.385
2026-03-24 14:30:00,0.0,1406.67,1407.75,1406.34,99,13926338.0,1406.387
2026-03-24 14:31:00,0.0,1407.06,1407.16,1406.53,71,9988642.0,1406.388
2026-03-24 14:32:00,0.0,1407.9,1407.9,1406.81,62,8725068.0,1406.39
2026-03-24 14:33:00,0.0,1407.8,1407.99,1407.68,98,13796043.0,1406.396
2026-03-24 14:34:00,0.0,1407.6,1407.79,1407.13,79,11120383.0,1406.4
2026-03-24 14:35:00,0.0,1407.62,1407.99,1406.6,200,28174215.0,1406.407
2026-03-24 14:36:00,0.0,1408.47,1408.57,1407.71,115,16194943.0,1406.416
2026-03-24 14:37:00,0.0,1409.0,1409.06,1408.0,107,15072868.0,1406.425
2026-03-24 14:38:00,0.0,1408.59,1409.06,1408.58,116,16342555.0,1406.437
2026-03-24 14:39:00,0.0,1407.0,1408.5,1407.0,186,26183071.0,1406.446
2026-03-24 14:40:00,0.0,1407.64,1407.8,1407.16,83,11680928.0,1406.449
2026-03-24 14:41:00,0.0,1407.43,1407.67,1407.16,89,12526019.0,1406.452
2026-03-24 14:42:00,0.0,1408.57,1408.57,1407.43,90,12671342.0,1406.457
2026-03-24 14:43:00,0.0,1408.56,1408.66,1408.55,72,10141898.0,1406.463
2026-03-24 14:44:00,0.0,1408.52,1408.55,1408.5,98,13803590.0,1406.471
2026-03-24 14:45:00,0.0,1408.63,1408.66,1408.54,124,17466296.0,1406.481
2026-03-24 14:46:00,0.0,1409.1,1409.1,1408.65,202,28447272.0,1406.501
2026-03-24 14:47:00,0.0,1408.9,1409.14,1408.9,123,17345324.0,1406.513
2026-03-24 14:48:00,0.0,1408.98,1409.0,1408.64,151,21274812.0,1406.527
2026-03-24 14:49:00,0.0,1408.4,1409.0,1408.21,286,40289487.0,1406.55
2026-03-24 14:50:00,0.0,1408.15,1408.61,1408.04,138,19435156.0,1406.56
2026-03-24 14:51:00,0.0,1408.18,1408.18,1408.11,95,13377426.0,1406.565
2026-03-24 14:52:00,0.0,1408.02,1408.18,1408.0,237,33373010.0,1406.579
2026-03-24 14:53:00,0.0,1408.8,1408.96,1408.06,150,21138436.0,1406.589
2026-03-24 14:54:00,0.0,1409.1,1409.11,1408.74,209,29510075.0,1406.607
2026-03-24 14:55:00,0.0,1408.99,1409.11,1408.82,220,30998031.0,1406.626
2026-03-24 14:56:00,0.0,1408.3,1409.11,1408.17,217,30571251.0,1406.643
2026-03-24 14:57:00,0.0,1408.5,1408.5,1408.0,199,28022509.0,1406.654
2026-03-24 14:58:00,0.0,1408.5,1408.5,1408.5,0,0.0,1406.654
2026-03-24 14:59:00,0.0,1408.5,1408.5,1408.5,0,0.0,1406.654
2026-03-24 15:00:00,0.0,1407.33,1407.33,1407.33,572,80506312.0,1406.668
2026-03-25 09:30:00,0.0,1410.11,1410.11,1410.11,273,38496003.0,1410.11
2026-03-25 09:31:00,0.0,1410.28,1414.88,1410.15,408,57576601.0,1410.758
2026-03-25 09:32:00,0.0,1402.2,1410.28,1402.2,731,102918149.0,1409.283
2026-03-25 09:33:00,0.0,1403.15,1404.64,1401.01,665,93257554.0,1407.069
2026-03-25 09:34:00,0.0,1405.0,1405.09,1403.0,366,51389196.0,1406.621
2026-03-25 09:35:00,0.0,1409.0,1409.0,1404.8,268,37693314.0,1406.606
2026-03-25 09:36:00,0.0,1410.0,1410.98,1409.49,465,65566293.0,1407.107
2026-03-25 09:37:00,0.0,1411.49,1411.49,1410.01,324,45714924.0,1407.463
2026-03-25 09:38:00,0.0,1412.5,1413.06,1411.6,233,32910183.0,1407.775
2026-03-25 09:39:00,0.0,1410.75,1412.99,1410.7,263,37134065.0,1408.049
2026-03-25 09:40:00,0.0,1409.13,1411.54,1409.11,385,54288732.0,1408.229
2026-03-25 09:41:00,0.0,1411.69,1411.69,1409.47,220,31021478.0,1408.317
2026-03-25 09:42:00,0.0,1412.5,1412.79,1410.9,329,46453157.0,1408.559
2026-03-25 09:43:00,0.0,1416.13,1417.17,1412.9,599,84784432.0,1409.304
2026-03-25 09:44:00,0.0,1414.01,1416.94,1413.09,468,66237408.0,1409.774
2026-03-25 09:45:00,0.0,1414.27,1415.5,1414.14,256,36224049.0,1409.988
2026-03-25 09:46:00,0.0,1417.79,1417.87,1415.5,332,47038670.0,1410.333
2026-03-25 09:47:00,0.0,1414.93,1416.77,1414.48,203,28739456.0,1410.495
2026-03-25 09:48:00,0.0,1413.0,1415.0,1413.0,172,24325026.0,1410.587
2026-03-25 09:49:00,0.0,1414.34,1414.34,1412.0,106,14979385.0,1410.626
2026-03-25 09:50:00,0.0,1413.2,1414.34,1412.94,162,22895587.0,1410.686
2026-03-25 09:51:00,0.0,1413.99,1413.99,1413.0,106,14983520.0,1410.727
2026-03-25 09:52:00,0.0,1414.26,1414.82,1413.97,196,27713195.0,1410.811
2026-03-25 09:53:00,0.0,1415.16,1415.16,1414.26,145,20515584.0,1410.887
2026-03-25 09:54:00,0.0,1415.59,1416.0,1415.03,91,12880435.0,1410.941
2026-03-25 09:55:00,0.0,1415.35,1415.43,1414.08,157,22218701.0,1411.025
2026-03-25 09:56:00,0.0,1413.0,1414.05,1413.0,196,27713890.0,1411.096
2026-03-25 09:57:00,0.0,1413.0,1413.9,1413.0,107,15120357.0,1411.123
2026-03-25 09:58:00,0.0,1412.18,1413.28,1412.01,141,19921699.0,1411.152
2026-03-25 09:59:00,0.0,1412.22,1412.54,1412.08,78,11030762.0,1411.162
2026-03-25 10:00:00,0.0,1411.97,1412.3,1411.19,87,12284632.0,1411.171
2026-03-25 10:01:00,0.0,1408.3,1411.3,1408.3,313,44121289.0,1411.116
2026-03-25 10:02:00,0.0,1410.48,1410.95,1408.09,179,25219630.0,1411.073
2026-03-25 10:03:00,0.0,1411.23,1411.23,1409.99,177,24973987.0,1411.07
2026-03-25 10:04:00,0.0,1411.01,1411.63,1410.88,52,7337581.0,1411.07
2026-03-25 10:05:00,0.0,1410.86,1411.07,1410.01,55,7701346.0,1411.067
2026-03-25 10:06:00,0.0,1412.01,1412.03,1411.1,90,12704478.0,1411.072
2026-03-25 10:07:00,0.0,1412.88,1412.88,1412.01,61,8614328.0,1411.079
2026-03-25 10:08:00,0.0,1410.49,1413.38,1410.49,173,24435363.0,1411.104
2026-03-25 10:09:00,0.0,1411.0,1411.0,1410.05,97,13683764.0,1411.1
2026-03-25 10:10:00,0.0,1410.11,1413.0,1410.11,128,18066373.0,1411.104
2026-03-25 10:11:00,0.0,1409.0,1410.09,1409.0,118,16636382.0,1411.09
2026-03-25 10:12:00,0.0,1408.98,1409.01,1408.88,68,9581139.0,1411.075
2026-03-25 10:13:00,0.0,1410.93,1410.96,1408.98,52,7329947.0,1411.068
2026-03-25 10:14:00,0.0,1410.81,1411.0,1410.78,76,10723212.0,1411.067
2026-03-25 10:15:00,0.0,1410.54,1410.99,1410.52,70,9874945.0,1411.065
2026-03-25 10:16:00,0.0,1410.0,1410.49,1410.0,109,15370663.0,1411.055
2026-03-25 10:17:00,0.0,1410.3,1410.5,1409.9,109,15369900.0,1411.045
2026-03-25 10:18:00,0.0,1411.0,1411.0,1410.3,97,13687566.0,1411.04
2026-03-25 10:19:00,0.0,1412.0,1412.0,1411.0,96,13547893.0,1411.042
2026-03-25 10:20:00,0.0,1412.21,1412.48,1412.0,92,12940280.0,1411.052
2026-03-25 10:21:00,0.0,1411.95,1412.21,1411.54,77,10871602.0,1411.058
2026-03-25 10:22:00,0.0,1411.57,1411.87,1411.49,106,14963344.0,1411.063
2026-03-25 10:23:00,0.0,1411.01,1411.63,1411.01,105,14819572.0,1411.066
2026-03-25 10:24:00,0.0,1410.01,1411.07,1410.0,87,12272317.0,1411.063
2026-03-25 10:25:00,0.0,1409.66,1410.0,1409.65,61,8600147.0,1411.056
2026-03-25 10:26:00,0.0,1409.66,1409.75,1409.66,53,7471358.0,1411.05
2026-03-25 10:27:00,0.0,1410.0,1410.01,1409.59,87,12265285.0,1411.04
2026-03-25 10:28:00,0.0,1409.5,1410.01,1409.47,80,11277847.0,1411.031
2026-03-25 10:29:00,0.0,1409.5,1409.5,1409.0,115,16207420.0,1411.014
2026-03-25 10:30:00,0.0,1410.99,1410.99,1409.02,85,11984682.0,1411.007
2026-03-25 10:31:00,0.0,1410.3,1411.0,1409.01,103,14520280.0,1410.995
2026-03-25 10:32:00,0.0,1410.89,1410.89,1409.34,119,16777146.0,1410.984
2026-03-25 10:33:00,0.0,1410.85,1410.87,1409.8,51,7191770.0,1410.98
2026-03-25 10:34:00,0.0,1409.96,1410.86,1409.57,84,11843323.0,1410.973
2026-03-25 10:35:00,0.0,1409.97,1410.8,1409.95,43,6063989.0,1410.97
2026-03-25 10:36:00,0.0,1410.01,1410.72,1409.34,109,15363132.0,1410.957
2026-03-25 10:37:00,0.0,1409.99,1410.01,1409.37,27,3806443.0,1410.954
2026-03-25 10:38:00,0.0,1408.88,1409.6,1408.88,83,11696419.0,1410.942
2026-03-25 10:39:00,0.0,1408.18,1409.34,1408.0,235,33096727.0,1410.894
2026-03-25 10:40:00,0.0,1407.54,1409.16,1407.52,74,10419851.0,1410.877
2026-03-25 10:41:00,0.0,1407.96,1408.92,1407.54,62,8728765.0,1410.862
2026-03-25 10:42:00,0.0,1409.8,1409.8,1407.59,173,24363946.0,1410.828
2026-03-25 10:43:00,0.0,1409.6,1409.92,1408.2,53,7468614.0,1410.821
2026-03-25 10:44:00,0.0,1408.35,1409.6,1408.34,49,6902778.0,1410.813
2026-03-25 10:45:00,0.0,1408.59,1408.6,1408.36,44,6197718.0,1410.805
2026-03-25 10:46:00,0.0,1409.09,1409.11,1408.66,55,7749570.0,1410.798
2026-03-25 10:47:00,0.0,1409.35,1409.58,1409.0,48,6764042.0,1410.792
2026-03-25 10:48:00,0.0,1409.87,1409.87,1409.13,44,6201240.0,1410.787
2026-03-25 10:49:00,0.0,1409.0,1409.85,1408.58,92,12964127.0,1410.775
2026-03-25 10:50:00,0.0,1408.99,1409.15,1408.23,72,10140169.0,1410.762
2026-03-25 10:51:00,0.0,1409.95,1409.96,1408.99,75,10572200.0,1410.756
2026-03-25 10:52:00,0.0,1410.32,1410.32,1409.3,93,13111925.0,1410.75
2026-03-25 10:53:00,0.0,1410.77,1410.77,1409.97,61,8603602.0,1410.748
2026-03-25 10:54:00,0.0,1411.59,1411.6,1410.73,80,11289306.0,1410.751
2026-03-25 10:55:00,0.0,1411.95,1411.99,1411.6,54,7624009.0,1410.755
2026-03-25 10:56:00,0.0,1412.17,1412.5,1411.69,57,8048721.0,1410.761
2026-03-25 10:57:00,0.0,1412.32,1412.99,1412.32,59,8362894.0,1410.769
2026-03-25 10:58:00,0.0,1411.93,1412.4,1411.73,57,8048390.0,1410.774
2026-03-25 10:59:00,0.0,1411.48,1412.0,1410.74,53,7478793.0,1410.775
2026-03-25 11:00:00,0.0,1410.76,1411.54,1410.76,56,7903148.0,1410.777
2026-03-25 11:01:00,0.0,1409.13,1410.56,1409.13,35,4935120.0,1410.775
2026-03-25 11:02:00,0.0,1409.78,1410.06,1409.25,53,7471213.0,1410.771
2026-03-25 11:03:00,0.0,1408.58,1409.78,1408.58,57,8032011.0,1410.764
2026-03-25 11:04:00,0.0,1408.23,1408.87,1408.23,89,12536569.0,1410.751
2026-03-25 11:05:00,0.0,1408.15,1408.15,1408.0,92,12954587.0,1410.734
2026-03-25 11:06:00,0.0,1409.0,1409.21,1408.01,100,14084251.0,1410.717
2026-03-25 11:07:00,0.0,1409.02,1409.11,1408.55,47,6621690.0,1410.711
2026-03-25 11:08:00,0.0,1408.56,1409.61,1408.56,34,4791287.0,1410.708
2026-03-25 11:09:00,0.0,1408.51,1409.41,1408.5,81,11411481.0,1410.697
2026-03-25 11:10:00,0.0,1408.8,1409.61,1408.53,72,10146186.0,1410.69
2026-03-25 11:11:00,0.0,1409.48,1409.48,1408.8,44,6200800.0,1410.685
2026-03-25 11:12:00,0.0,1409.0,1409.77,1409.0,46,6483227.0,1410.681
2026-03-25 11:13:00,0.0,1409.05,1410.76,1409.0,120,16916677.0,1410.674
2026-03-25 11:14:00,0.0,1409.0,1409.51,1408.88,101,14230338.0,1410.662
2026-03-25 11:15:00,0.0,1409.51,1409.51,1408.71,48,6763010.0,1410.656
2026-03-25 11:16:00,0.0,1409.18,1409.71,1408.53,40,5637065.0,1410.653
2026-03-25 11:17:00,0.0,1409.17,1409.36,1409.0,82,11554525.0,1410.644
2026-03-25 11:18:00,0.0,1409.37,1409.48,1409.11,54,7610078.0,1410.639
2026-03-25 11:19:00,0.0,1410.39,1410.66,1409.17,63,8881165.0,1410.635
2026-03-25 11:20:00,0.0,1410.39,1410.41,1410.31,54,7615906.0,1410.634
2026-03-25 11:21:00,0.0,1409.55,1410.39,1409.01,57,8035935.0,1410.631
2026-03-25 11:22:00,0.0,1409.03,1410.09,1409.02,68,9585761.0,1410.627
2026-03-25 11:23:00,0.0,1409.1,1409.31,1409.01,48,6763627.0,1410.622
2026-03-25 11:24:00,0.0,1408.1,1409.0,1408.1,48,6760644.0,1410.615
2026-03-25 11:25:00,0.0,1408.3,1408.58,1408.07,58,8168218.0,1410.607
2026-03-25 11:26:00,0.0,1408.59,1408.59,1408.53,33,4648134.0,1410.602
2026-03-25 11:27:00,0.0,1408.37,1408.37,1408.08,72,10138786.0,1410.591
2026-03-25 11:28:00,0.0,1408.34,1409.1,1408.09,95,13379241.0,1410.577
2026-03-25 11:29:00,0.0,1408.78,1408.79,1408.26,35,4929648.0,1410.573
2026-03-25 11:30:00,0.0,1408.81,1408.81,1408.31,44,6198408.0,1410.568
2026-03-25 13:01:00,0.0,1409.4,1410.13,1409.26,194,27346272.0,1410.556
2026-03-25 13:02:00,0.0,1408.84,1410.0,1408.8,96,13526599.0,1410.547
2026-03-25 13:03:00,0.0,1409.21,1409.21,1408.11,110,15493765.0,1410.533
2026-03-25 13:04:00,0.0,1408.99,1409.46,1408.78,32,4509047.0,1410.53
2026-03-25 13:05:00,0.0,1409.38,1409.43,1408.3,40,5635511.0,1410.526
2026-03-25 13:06:00,0.0,1409.01,1409.41,1408.81,40,5636769.0,1410.523
2026-03-25 13:07:00,0.0,1409.38,1409.41,1408.81,34,4791061.0,1410.52
2026-03-25 13:08:00,0.0,1409.96,1409.96,1408.79,55,7750585.0,1410.515
2026-03-25 13:09:00,0.0,1410.35,1410.35,1409.82,37,5217160.0,1410.514
2026-03-25 13:10:00,0.0,1410.1,1411.11,1410.1,53,7476123.0,1410.514
2026-03-25 13:11:00,0.0,1409.83,1410.53,1409.82,30,4230414.0,1410.514
2026-03-25 13:12:00,0.0,1409.85,1409.85,1409.54,48,6766558.0,1410.511
2026-03-25 13:13:00,0.0,1410.61,1410.99,1410.0,29,4090080.0,1410.511
2026-03-25 13:14:00,0.0,1410.53,1410.96,1410.0,45,6347131.0,1410.511
2026-03-25 13:15:00,0.0,1410.01,1410.53,1409.96,70,9870747.0,1410.509
2026-03-25 13:16:00,0.0,1409.95,1410.35,1409.85,96,13535203.0,1410.506
2026-03-25 13:17:00,0.0,1410.51,1410.51,1409.95,54,7615616.0,1410.505
2026-03-25 13:18:00,0.0,1410.35,1410.51,1409.96,48,6769492.0,1410.505
2026-03-25 13:19:00,0.0,1410.0,1410.36,1410.0,30,4230558.0,1410.504
2026-03-25 13:20:00,0.0,1409.65,1410.01,1409.0,69,9727234.0,1410.501
2026-03-25 13:21:00,0.0,1409.65,1409.67,1408.98,70,9865753.0,1410.496
2026-03-25 13:22:00,0.0,1408.93,1409.66,1408.93,67,9443129.0,1410.492
2026-03-25 13:23:00,0.0,1409.02,1409.55,1408.87,58,8173192.0,1410.488
2026-03-25 13:24:00,0.0,1409.08,1409.48,1409.03,29,4086478.0,1410.485
2026-03-25 13:25:00,0.0,1409.37,1409.43,1409.0,96,13528782.0,1410.479
2026-03-25 13:26:00,0.0,1409.01,1409.37,1409.0,48,6764243.0,1410.475
2026-03-25 13:27:00,0.0,1409.2,1409.23,1409.0,90,12682269.0,1410.468
2026-03-25 13:28:00,0.0,1410.31,1410.31,1409.02,114,16068776.0,1410.462
2026-03-25 13:29:00,0.0,1410.18,1410.21,1409.08,34,4792572.0,1410.46
2026-03-25 13:30:00,0.0,1410.24,1410.24,1409.9,35,4935210.0,1410.46
2026-03-25 13:31:00,0.0,1409.69,1410.24,1409.66,48,6767611.0,1410.458
2026-03-25 13:32:00,0.0,1409.09,1409.69,1409.0,93,13105108.0,1410.451
2026-03-25 13:33:00,0.0,1409.0,1409.68,1409.0,77,10850413.0,1410.446
2026-03-25 13:34:00,0.0,1408.71,1409.68,1408.71,67,9440623.0,1410.44
2026-03-25 13:35:00,0.0,1408.79,1408.82,1408.51,59,8311074.0,1410.435
2026-03-25 13:36:00,0.0,1408.83,1408.83,1408.81,23,3240287.0,1410.433
2026-03-25 13:37:00,0.0,1408.81,1408.86,1408.81,49,6903316.0,1410.428
2026-03-25 13:38:00,0.0,1409.57,1409.91,1408.73,112,15779923.0,1410.419
2026-03-25 13:39:00,0.0,1408.85,1409.64,1408.81,61,8595841.0,1410.415
2026-03-25 13:40:00,0.0,1408.48,1408.94,1408.38,100,14087170.0,1410.405
2026-03-25 13:41:00,0.0,1408.0,1408.5,1408.0,232,32667316.0,1410.376
2026-03-25 13:42:00,0.0,1407.6,1408.8,1407.6,155,21824886.0,1410.357
2026-03-25 13:43:00,0.0,1407.04,1407.52,1406.0,333,46837053.0,1410.29
2026-03-25 13:44:00,0.0,1407.64,1407.84,1407.07,118,16609005.0,1410.273
2026-03-25 13:45:00,0.0,1408.0,1408.9,1407.64,99,13940239.0,1410.261
2026-03-25 13:46:00,0.0,1408.9,1408.92,1408.38,75,10565204.0,1410.255
2026-03-25 13:47:00,0.0,1409.33,1409.36,1408.81,66,9321867.0,1410.251
2026-03-25 13:48:00,0.0,1409.35,1409.93,1408.91,61,8598679.0,1410.249
2026-03-25 13:49:00,0.0,1408.29,1409.35,1408.29,59,8288375.0,1410.244
2026-03-25 13:50:00,0.0,1407.98,1408.31,1407.98,69,9716455.0,1410.237
2026-03-25 13:51:00,0.0,1407.98,1408.01,1407.72,74,10418689.0,1410.228
2026-03-25 13:52:00,0.0,1407.03,1407.99,1407.0,115,16184762.0,1410.211
2026-03-25 13:53:00,0.0,1407.04,1407.72,1406.89,55,7738783.0,1410.203
2026-03-25 13:54:00,0.0,1406.0,1407.28,1406.0,177,24895346.0,1410.17
2026-03-25 13:55:00,0.0,1406.82,1406.83,1405.98,104,14623052.0,1410.149
2026-03-25 13:56:00,0.0,1405.97,1406.84,1405.58,104,14623819.0,1410.128
2026-03-25 13:57:00,0.0,1405.93,1405.93,1405.55,78,10965284.0,1410.111
2026-03-25 13:58:00,0.0,1405.92,1406.02,1405.86,102,14340886.0,1410.091
2026-03-25 13:59:00,0.0,1406.59,1406.63,1405.93,65,9162411.0,1410.078
2026-03-25 14:00:00,0.0,1406.56,1406.56,1406.2,50,7032037.0,1410.069
2026-03-25 14:01:00,0.0,1406.78,1406.84,1406.54,44,6189451.0,1410.062
2026-03-25 14:02:00,0.0,1406.6,1406.8,1406.4,72,10127847.0,1410.05
2026-03-25 14:03:00,0.0,1406.14,1406.53,1406.14,89,12516169.0,1410.034
2026-03-25 14:04:00,0.0,1405.56,1406.14,1405.56,67,9419665.0,1410.02
2026-03-25 14:05:00,0.0,1405.41,1405.69,1405.01,108,15178234.0,1409.996
2026-03-25 14:06:00,0.0,1406.04,1406.04,1405.08,77,10821822.0,1409.98
2026-03-25 14:07:00,0.0,1405.19,1405.93,1405.13,57,8010561.0,1409.967
2026-03-25 14:08:00,0.0,1405.2,1405.23,1405.19,41,5761332.0,1409.958
2026-03-25 14:09:00,0.0,1405.43,1405.43,1405.21,47,6604770.0,1409.947
2026-03-25 14:10:00,0.0,1405.49,1405.49,1405.38,55,7729900.0,1409.936
2026-03-25 14:11:00,0.0,1406.44,1406.53,1405.49,73,10263741.0,1409.922
2026-03-25 14:12:00,0.0,1406.48,1406.51,1405.57,39,5483907.0,1409.915
2026-03-25 14:13:00,0.0,1405.93,1406.21,1405.77,36,5061121.0,1409.908
2026-03-25 14:14:00,0.0,1405.85,1406.49,1405.85,72,10124469.0,1409.896
2026-03-25 14:15:00,0.0,1406.01,1406.25,1405.81,50,7029753.0,1409.886
2026-03-25 14:16:00,0.0,1406.02,1406.77,1406.02,63,8889094.0,1409.876
2026-03-25 14:17:00,0.0,1406.47,1406.54,1406.4,46,6437334.0,1409.869
2026-03-25 14:18:00,0.0,1406.41,1406.65,1406.3,59,8298170.0,1409.86
2026-03-25 14:19:00,0.0,1406.5,1406.72,1406.46,48,6751618.0,1409.853
2026-03-25 14:20:00,0.0,1406.48,1406.76,1406.48,73,10268600.0,1409.842
2026-03-25 14:21:00,0.0,1406.4,1406.61,1406.4,90,12658597.0,1409.828
2026-03-25 14:22:00,0.0,1406.29,1406.47,1406.29,72,10126293.0,1409.817
2026-03-25 14:23:00,0.0,1405.87,1406.35,1405.87,77,10827463.0,1409.804
2026-03-25 14:24:00,0.0,1405.78,1405.81,1405.73,70,9840401.0,1409.791
2026-03-25 14:25:00,0.0,1405.6,1405.78,1405.6,95,13353761.0,1409.773
2026-03-25 14:26:00,0.0,1405.6,1405.64,1405.6,68,9558212.0,1409.761
2026-03-25 14:27:00,0.0,1405.53,1405.61,1405.52,81,11385084.0,1409.745
2026-03-25 14:28:00,0.0,1405.5,1405.54,1405.5,70,9875112.0,1409.732
2026-03-25 14:29:00,0.0,1405.49,1405.53,1405.49,129,18095272.0,1409.708
2026-03-25 14:30:00,0.0,1405.31,1405.49,1405.3,46,6466310.0,1409.699
2026-03-25 14:31:00,0.0,1405.89,1405.92,1405.29,82,11525385.0,1409.684
2026-03-25 14:32:00,0.0,1405.73,1405.84,1405.6,53,7450438.0,1409.675
2026-03-25 14:33:00,0.0,1405.6,1405.73,1405.6,93,13072685.0,1409.659
2026-03-25 14:34:00,0.0,1405.92,1405.92,1405.59,112,15743779.0,1409.639
2026-03-25 14:35:00,0.0,1405.97,1406.2,1405.76,76,10703163.0,1409.627
2026-03-25 14:36:00,0.0,1406.35,1406.35,1405.77,103,14413327.0,1409.611
2026-03-25 14:37:00,0.0,1407.29,1407.69,1406.36,74,10410167.0,1409.602
2026-03-25 14:38:00,0.0,1408.85,1408.85,1407.3,115,16192996.0,1409.595
2026-03-25 14:39:00,0.0,1408.98,1408.98,1408.59,63,8875987.0,1409.593
2026-03-25 14:40:00,0.0,1408.97,1408.97,1408.78,65,9157717.0,1409.591
2026-03-25 14:41:00,0.0,1408.78,1409.02,1408.78,72,10144330.0,1409.589
2026-03-25 14:42:00,0.0,1408.47,1408.75,1408.0,97,13662068.0,1409.584
2026-03-25 14:43:00,0.0,1408.03,1408.47,1408.03,82,11547778.0,1409.58
2026-03-25 14:44:00,0.0,1407.72,1408.05,1407.29,72,10136300.0,1409.574
2026-03-25 14:45:00,0.0,1407.23,1407.71,1407.17,59,8303697.0,1409.569
2026-03-25 14:46:00,0.0,1407.29,1407.31,1407.18,129,18153567.0,1409.556
2026-03-25 14:47:00,0.0,1407.76,1407.76,1407.27,88,12385670.0,1409.549
2026-03-25 14:48:00,0.0,1407.98,1408.0,1407.76,132,18584384.0,1409.54
2026-03-25 14:49:00,0.0,1408.69,1408.69,1407.98,148,20770324.0,1409.531
2026-03-25 14:50:00,0.0,1408.86,1408.87,1408.7,113,15919054.0,1409.528
2026-03-25 14:51:00,0.0,1408.42,1408.66,1408.4,128,18028448.0,1409.522
2026-03-25 14:52:00,0.0,1408.47,1408.86,1408.36,155,21832074.0,1409.516
2026-03-25 14:53:00,0.0,1408.3,1408.45,1408.3,176,24788229.0,1409.508
2026-03-25 14:54:00,0.0,1408.43,1408.76,1408.31,217,30564458.0,1409.499
2026-03-25 14:55:00,0.0,1409.0,1409.0,1408.31,216,30429414.0,1409.493
2026-03-25 14:56:00,0.0,1410.1,1410.1,1408.7,232,32697319.0,1409.492
2026-03-25 14:57:00,0.0,1410.99,1411.1,1409.6,203,28592067.0,1409.499
2026-03-25 14:58:00,0.0,1411.2,1411.2,1411.2,7,1016014.0,1409.499
2026-03-25 14:59:00,0.0,1411.2,1411.2,1411.2,0,0.0,1409.499
2026-03-25 15:00:00,0.0,1410.27,1410.27,1410.27,453,63840102.0,1409.512
2026-03-26 09:30:00,0.0,1409.0,1409.0,1409.0,173,24375700.0,1409.0
2026-03-26 09:31:00,0.0,1405.8,1409.94,1405.5,361,50790345.0,1407.604
2026-03-26 09:32:00,0.0,1407.66,1409.44,1405.06,212,29837281.0,1407.551
2026-03-26 09:33:00,0.0,1409.1,1409.9,1408.01,181,25502998.0,1407.835
2026-03-26 09:34:00,0.0,1410.01,1412.49,1409.1,181,25605992.0,1408.333
2026-03-26 09:35:00,0.0,1410.44,1410.59,1409.1,196,27688860.0,1408.589
2026-03-26 09:36:00,0.0,1412.79,1413.09,1410.45,300,42353228.0,1409.176
2026-03-26 09:37:00,0.0,1413.0,1413.9,1411.21,207,29241605.0,1409.571
2026-03-26 09:38:00,0.0,1411.0,1413.2,1411.0,226,31909455.0,1409.832
2026-03-26 09:39:00,0.0,1410.26,1411.0,1408.93,267,37640825.0,1409.825
2026-03-26 09:40:00,0.0,1409.12,1409.93,1409.02,89,12546300.0,1409.82
2026-03-26 09:41:00,0.0,1409.2,1410.93,1409.12,177,24951819.0,1409.812
2026-03-26 09:42:00,0.0,1408.83,1409.76,1408.05,156,21975559.0,1409.748
2026-03-26 09:43:00,0.0,1409.99,1409.99,1408.84,83,11698361.0,1409.739
2026-03-26 09:44:00,0.0,1411.89,1412.88,1410.9,147,20757960.0,1409.857
2026-03-26 09:45:00,0.0,1411.21,1412.01,1411.21,135,19059315.0,1409.942
2026-03-26 09:46:00,0.0,1412.0,1412.02,1410.03,218,30770582.0,1410.044
2026-03-26 09:47:00,0.0,1408.88,1411.34,1408.56,148,20862551.0,1410.026
2026-03-26 09:48:00,0.0,1409.82,1410.06,1408.9,88,12400795.0,1410.005
2026-03-26 09:49:00,0.0,1411.96,1412.05,1409.5,172,24272610.0,1410.06
2026-03-26 09:50:00,0.0,1410.58,1411.98,1410.51,218,30767609.0,1410.132
2026-03-26 09:51:00,0.0,1410.0,1411.1,1410.0,75,10579954.0,1410.142
2026-03-26 09:52:00,0.0,1409.38,1410.33,1409.38,123,17342997.0,1410.138
2026-03-26 09:53:00,0.0,1409.29,1410.06,1409.02,47,6624623.0,1410.131
2026-03-26 09:54:00,0.0,1408.1,1409.9,1408.1,124,17469671.0,1410.094
2026-03-26 09:55:00,0.0,1407.66,1408.1,1407.66,144,20275739.0,1410.027
2026-03-26 09:56:00,0.0,1407.2,1407.78,1407.0,114,16041190.0,1409.955
2026-03-26 09:57:00,0.0,1407.7,1408.2,1407.32,133,18724506.0,1409.895
2026-03-26 09:58:00,0.0,1407.09,1407.8,1407.09,111,15623590.0,1409.841
2026-03-26 09:59:00,0.0,1406.01,1406.99,1406.0,182,25592414.0,1409.707
2026-03-26 10:00:00,0.0,1405.3,1406.01,1405.3,117,16445763.0,1409.613
2026-03-26 10:01:00,0.0,1405.51,1405.89,1405.16,152,21360377.0,1409.488
2026-03-26 10:02:00,0.0,1405.98,1405.98,1405.51,83,11668518.0,1409.432
2026-03-26 10:03:00,0.0,1405.88,1406.01,1405.88,83,11669290.0,1409.378
2026-03-26 10:04:00,0.0,1405.16,1406.0,1405.16,135,18976475.0,1409.288
2026-03-26 10:05:00,0.0,1405.02,1405.06,1405.0,316,44398707.0,1409.059
2026-03-26 10:06:00,0.0,1404.0,1405.05,1404.0,158,22195157.0,1408.946
2026-03-26 10:07:00,0.0,1403.04,1404.03,1403.0,157,22031842.0,1408.803
2026-03-26 10:08:00,0.0,1404.0,1404.0,1403.04,137,19227114.0,1408.687
2026-03-26 10:09:00,0.0,1403.62,1404.03,1403.12,84,11790720.0,1408.621
2026-03-26 10:10:00,0.0,1404.03,1404.47,1403.6,83,11651940.0,1408.56
2026-03-26 10:11:00,0.0,1403.54,1404.44,1403.54,73,10247582.0,1408.507
2026-03-26 10:12:00,0.0,1404.43,1404.44,1403.57,56,7810233.0,1408.468
2026-03-26 10:13:00,0.0,1404.45,1404.49,1404.44,75,10546775.0,1408.422
2026-03-26 10:14:00,0.0,1404.67,1404.67,1404.47,34,4775367.0,1408.403
2026-03-26 10:15:00,0.0,1404.7,1405.04,1404.66,71,9974048.0,1408.365
2026-03-26 10:16:00,0.0,1405.15,1405.37,1404.8,94,13206371.0,1408.318
2026-03-26 10:17:00,0.0,1405.76,1405.76,1405.1,22,3092194.0,1408.309
2026-03-26 10:18:00,0.0,1405.78,1406.02,1405.5,56,7873225.0,1408.29
2026-03-26 10:19:00,0.0,1406.5,1406.5,1405.79,26,3703837.0,1408.282
2026-03-26 10:20:00,0.0,1405.0,1406.66,1405.0,76,10635260.0,1408.254
2026-03-26 10:21:00,0.0,1405.0,1405.5,1405.0,26,3653419.0,1408.243
2026-03-26 10:22:00,0.0,1405.0,1405.49,1405.0,33,4636960.0,1408.229
2026-03-26 10:23:00,0.0,1405.49,1405.49,1404.84,79,11099388.0,1408.193
2026-03-26 10:24:00,0.0,1405.82,1405.95,1404.91,42,5903032.0,1408.177
2026-03-26 10:25:00,0.0,1405.39,1405.92,1404.96,23,3232429.0,1408.169
2026-03-26 10:26:00,0.0,1405.0,1405.22,1404.95,50,7025380.0,1408.148
2026-03-26 10:27:00,0.0,1404.62,1404.92,1404.5,36,5056803.0,1408.131
2026-03-26 10:28:00,0.0,1405.4,1405.4,1404.47,61,8568440.0,1408.102
2026-03-26 10:29:00,0.0,1405.92,1405.92,1405.4,10,1398661.0,1408.099
2026-03-26 10:30:00,0.0,1406.16,1406.19,1405.92,41,5764498.0,1408.087
2026-03-26 10:31:00,0.0,1405.92,1406.19,1405.8,45,6327057.0,1408.075
2026-03-26 10:32:00,0.0,1405.71,1405.92,1405.0,52,7308645.0,1408.057
2026-03-26 10:33:00,0.0,1407.09,1407.09,1405.87,45,6329347.0,1408.048
2026-03-26 10:34:00,0.0,1408.66,1408.66,1407.0,103,14502405.0,1408.048
2026-03-26 10:35:00,0.0,1407.74,1409.85,1407.74,164,23106835.0,1408.066
2026-03-26 10:36:00,0.0,1407.05,1407.21,1407.02,48,6754223.0,1408.061
2026-03-26 10:37:00,0.0,1408.0,1408.77,1407.06,58,8163343.0,1408.056
2026-03-26 10:38:00,0.0,1407.36,1408.68,1407.35,36,5067617.0,1408.055
2026-03-26 10:39:00,0.0,1406.35,1407.36,1406.35,29,4080157.0,1408.051
2026-03-26 10:40:00,0.0,1405.67,1406.88,1405.62,24,3374601.0,1408.045
2026-03-26 10:41:00,0.0,1405.68,1405.91,1405.66,25,3514234.0,1408.038
2026-03-26 10:42:00,0.0,1405.77,1405.89,1405.74,20,2811642.0,1408.032
2026-03-26 10:43:00,0.0,1405.01,1405.74,1405.01,40,5621878.0,1408.02
2026-03-26 10:44:00,0.0,1405.7,1405.7,1405.0,75,10540165.0,1407.995
2026-03-26 10:45:00,0.0,1405.67,1405.69,1405.24,24,3373059.0,1407.988
2026-03-26 10:46:00,0.0,1405.94,1406.89,1405.07,118,16591497.0,1407.961
2026-03-26 10:47:00,0.0,1405.75,1405.94,1405.75,51,7169861.0,1407.948
2026-03-26 10:48:00,0.0,1405.27,1405.94,1405.26,43,6043758.0,1407.936
2026-03-26 10:49:00,0.0,1405.09,1405.6,1405.02,69,9695648.0,1407.913
2026-03-26 10:50:00,0.0,1404.68,1405.6,1404.68,96,13487853.0,1407.881
2026-03-26 10:51:00,0.0,1404.89,1405.0,1404.8,36,5057791.0,1407.869
2026-03-26 10:52:00,0.0,1406.0,1406.13,1405.02,33,4636387.0,1407.859
2026-03-26 10:53:00,0.0,1405.06,1405.28,1405.0,50,7026905.0,1407.844
2026-03-26 10:54:00,0.0,1405.99,1405.99,1404.9,36,5057410.0,1407.833
2026-03-26 10:55:00,0.0,1406.0,1406.07,1404.98,24,3373268.0,1407.827
2026-03-26 10:56:00,0.0,1405.04,1406.06,1405.03,21,2951248.0,1407.821
2026-03-26 10:57:00,0.0,1405.8,1405.99,1405.04,32,4497784.0,1407.813
2026-03-26 10:58:00,0.0,1405.5,1405.99,1405.5,46,6466029.0,1407.801
2026-03-26 10:59:00,0.0,1405.1,1406.0,1405.1,18,2559188.0,1407.797
2026-03-26 11:00:00,0.0,1405.28,1406.18,1405.01,82,11524913.0,1407.775
2026-03-26 11:01:00,0.0,1405.94,1406.13,1405.21,68,9559806.0,1407.761
2026-03-26 11:02:00,0.0,1406.0,1406.73,1404.9,94,13208445.0,1407.734
2026-03-26 11:03:00,0.0,1405.39,1405.47,1405.0,13,1826655.0,1407.731
2026-03-26 11:04:00,0.0,1404.89,1405.38,1404.89,34,4776971.0,1407.721
2026-03-26 11:05:00,0.0,1404.1,1404.96,1404.1,69,9690784.0,1407.696
2026-03-26 11:06:00,0.0,1403.45,1404.11,1403.33,180,25268009.0,1407.622
2026-03-26 11:07:00,0.0,1403.39,1404.0,1403.28,71,9964915.0,1407.591
2026-03-26 11:08:00,0.0,1403.22,1403.39,1403.2,40,5613112.0,1407.573
2026-03-26 11:09:00,0.0,1403.21,1403.25,1403.19,58,8138636.0,1407.547
2026-03-26 11:10:00,0.0,1403.47,1403.47,1403.21,38,5332502.0,1407.531
2026-03-26 11:11:00,0.0,1404.78,1404.8,1403.99,42,5897270.0,1407.516
2026-03-26 11:12:00,0.0,1404.5,1404.85,1404.5,32,4495307.0,1407.507
2026-03-26 11:13:00,0.0,1404.01,1404.7,1404.01,29,4072101.0,1407.497
2026-03-26 11:14:00,0.0,1404.02,1404.41,1404.01,25,3510143.0,1407.488
2026-03-26 11:15:00,0.0,1404.85,1404.85,1404.01,18,2548969.0,1407.482
2026-03-26 11:16:00,0.0,1404.88,1404.96,1404.69,26,3652669.0,1407.476
2026-03-26 11:17:00,0.0,1404.44,1404.88,1404.4,41,5737926.0,1407.464
2026-03-26 11:18:00,0.0,1404.02,1404.44,1404.02,33,4634005.0,1407.453
2026-03-26 11:19:00,0.0,1404.05,1404.7,1404.05,17,2387384.0,1407.448
2026-03-26 11:20:00,0.0,1404.71,1404.71,1404.06,34,4774905.0,1407.437
2026-03-26 11:21:00,0.0,1404.7,1404.77,1404.5,41,5758988.0,1407.426
2026-03-26 11:22:00,0.0,1404.82,1404.87,1404.51,28,3933272.0,1407.418
2026-03-26 11:23:00,0.0,1405.33,1405.38,1404.79,56,7867877.0,1407.405
2026-03-26 11:24:00,0.0,1404.65,1405.33,1404.55,76,10673458.0,1407.382
2026-03-26 11:25:00,0.0,1404.67,1405.18,1404.66,21,2950158.0,1407.377
2026-03-26 11:26:00,0.0,1405.19,1405.19,1404.66,24,3371833.0,1407.372
2026-03-26 11:27:00,0.0,1404.97,1405.0,1403.88,67,9410007.0,1407.353
2026-03-26 11:28:00,0.0,1403.3,1403.8,1403.3,81,11368985.0,1407.323
2026-03-26 11:29:00,0.0,1403.37,1403.37,1403.27,66,9261639.0,1407.298
2026-03-26 11:30:00,0.0,1403.5,1404.74,1403.35,43,6035292.0,1407.282
2026-03-26 13:01:00,0.0,1402.51,1404.7,1402.5,555,77883810.0,1407.083
2026-03-26 13:02:00,0.0,1403.1,1404.13,1402.85,58,8138567.0,1407.062
2026-03-26 13:03:00,0.0,1403.93,1404.0,1403.04,106,14878619.0,1407.03
2026-03-26 13:04:00,0.0,1405.21,1405.21,1403.65,113,15868645.0,1407.003
2026-03-26 13:05:00,0.0,1404.5,1405.19,1404.42,39,5478598.0,1406.995
2026-03-26 13:06:00,0.0,1403.97,1404.43,1402.2,165,23154578.0,1406.942
2026-03-26 13:07:00,0.0,1404.13,1404.33,1403.93,42,5897070.0,1406.932
2026-03-26 13:08:00,0.0,1404.0,1404.85,1404.0,45,6319813.0,1406.922
2026-03-26 13:09:00,0.0,1403.8,1404.84,1403.61,51,7160374.0,1406.909
2026-03-26 13:10:00,0.0,1403.29,1403.58,1403.29,41,5754401.0,1406.897
2026-03-26 13:11:00,0.0,1404.49,1404.49,1403.29,65,9123938.0,1406.88
2026-03-26 13:12:00,0.0,1403.59,1404.48,1403.51,53,7439669.0,1406.865
2026-03-26 13:13:00,0.0,1403.3,1404.41,1403.3,59,8280944.0,1406.849
2026-03-26 13:14:00,0.0,1403.55,1403.74,1403.27,63,8841835.0,1406.831
2026-03-26 13:15:00,0.0,1403.56,1403.93,1403.41,69,9684779.0,1406.813
2026-03-26 13:16:00,0.0,1404.1,1404.1,1403.45,63,8843795.0,1406.797
2026-03-26 13:17:00,0.0,1404.53,1404.53,1404.1,56,7863991.0,1406.785
2026-03-26 13:18:00,0.0,1403.95,1404.48,1403.9,60,8424591.0,1406.772
2026-03-26 13:19:00,0.0,1404.42,1404.79,1404.07,47,6600848.0,1406.763
2026-03-26 13:20:00,0.0,1404.96,1404.96,1404.63,69,9702550.0,1406.752
2026-03-26 13:21:00,0.0,1403.34,1404.95,1403.29,136,19086091.0,1406.723
2026-03-26 13:22:00,0.0,1403.9,1403.93,1403.08,108,15155225.0,1406.693
2026-03-26 13:23:00,0.0,1403.8,1404.0,1403.2,77,10808613.0,1406.675
2026-03-26 13:24:00,0.0,1404.16,1404.19,1403.81,85,11934541.0,1406.657
2026-03-26 13:25:00,0.0,1404.78,1404.8,1404.16,88,12357716.0,1406.641
2026-03-26 13:26:00,0.0,1404.16,1404.8,1404.16,65,9130138.0,1406.631
2026-03-26 13:27:00,0.0,1403.32,1404.1,1403.16,62,8702954.0,1406.617
2026-03-26 13:28:00,0.0,1403.01,1403.3,1403.0,86,12066397.0,1406.593
2026-03-26 13:29:00,0.0,1403.27,1403.28,1402.2,195,27356675.0,1406.539
2026-03-26 13:30:00,0.0,1402.31,1403.25,1402.0,126,17669912.0,1406.5
2026-03-26 13:31:00,0.0,1402.09,1402.93,1402.01,62,8694124.0,1406.48
2026-03-26 13:32:00,0.0,1401.7,1402.0,1401.7,282,39535198.0,1406.387
2026-03-26 13:33:00,0.0,1401.22,1401.7,1401.22,131,18359613.0,1406.34
2026-03-26 13:34:00,0.0,1401.79,1401.8,1401.2,76,10650940.0,1406.314
2026-03-26 13:35:00,0.0,1401.96,1402.07,1401.79,60,8411642.0,1406.295
2026-03-26 13:36:00,0.0,1402.15,1402.56,1402.0,80,11216822.0,1406.271
2026-03-26 13:37:00,0.0,1402.2,1402.56,1402.2,77,10797329.0,1406.249
2026-03-26 13:38:00,0.0,1402.01,1402.31,1402.01,86,12058701.0,1406.224
2026-03-26 13:39:00,0.0,1402.15,1402.21,1401.91,59,8272195.0,1406.207
2026-03-26 13:40:00,0.0,1402.15,1402.18,1402.0,68,9534387.0,1406.188
2026-03-26 13:41:00,0.0,1402.63,1403.26,1402.16,82,11500395.0,1406.166
2026-03-26 13:42:00,0.0,1402.68,1402.71,1402.63,44,6171744.0,1406.156
2026-03-26 13:43:00,0.0,1402.22,1402.56,1402.16,64,8974771.0,1406.139
2026-03-26 13:44:00,0.0,1402.32,1402.33,1402.17,53,7432073.0,1406.125
2026-03-26 13:45:00,0.0,1402.16,1402.32,1402.16,60,8413577.0,1406.109
2026-03-26 13:46:00,0.0,1402.32,1402.32,1402.16,117,16405553.0,1406.078
2026-03-26 13:47:00,0.0,1402.5,1402.62,1402.23,48,6732129.0,1406.066
2026-03-26 13:48:00,0.0,1402.39,1402.63,1402.39,48,6732316.0,1406.055
2026-03-26 13:49:00,0.0,1402.63,1402.63,1402.31,71,9957318.0,1406.038
2026-03-26 13:50:00,0.0,1402.31,1402.68,1402.3,36,5049166.0,1406.029
2026-03-26 13:51:00,0.0,1402.99,1403.31,1402.32,67,9398822.0,1406.015
2026-03-26 13:52:00,0.0,1402.58,1402.98,1402.58,41,5751348.0,1406.006
2026-03-26 13:53:00,0.0,1403.57,1403.57,1402.6,102,14310299.0,1405.986
2026-03-26 13:54:00,0.0,1403.88,1403.88,1403.52,55,7720372.0,1405.977
2026-03-26 13:55:00,0.0,1403.9,1404.0,1403.89,42,5896557.0,1405.972
2026-03-26 13:56:00,0.0,1403.13,1403.9,1403.13,69,9685123.0,1405.961
2026-03-26 13:57:00,0.0,1403.46,1403.5,1403.01,43,6033568.0,1405.953
2026-03-26 13:58:00,0.0,1403.19,1403.45,1403.15,48,6735351.0,1405.945
2026-03-26 13:59:00,0.0,1403.0,1403.88,1403.0,105,14735260.0,1405.927
2026-03-26 14:00:00,0.0,1403.19,1403.88,1402.65,67,9370368.0,1405.915
2026-03-26 14:01:00,0.0,1403.86,1403.87,1403.19,43,6036120.0,1405.909
2026-03-26 14:02:00,0.0,1403.84,1404.0,1403.56,58,8142476.0,1405.902
2026-03-26 14:03:00,0.0,1404.0,1404.05,1403.84,44,6177426.0,1405.897
2026-03-26 14:04:00,0.0,1404.76,1405.2,1404.0,152,21350653.0,1405.885
2026-03-26 14:05:00,0.0,1404.95,1405.46,1404.94,94,13208557.0,1405.88
2026-03-26 14:06:00,0.0,1405.0,1405.26,1404.74,45,6323259.0,1405.878
2026-03-26 14:07:00,0.0,1403.8,1405.28,1403.75,63,8847716.0,1405.873
2026-03-26 14:08:00,0.0,1403.5,1403.99,1403.5,150,21054031.0,1405.852
2026-03-26 14:09:00,0.0,1403.8,1403.99,1403.07,36,5052580.0,1405.846
2026-03-26 14:10:00,0.0,1403.0,1403.81,1403.0,59,8279417.0,1405.837
2026-03-26 14:11:00,0.0,1402.99,1403.53,1402.8,116,16306285.0,1405.817
2026-03-26 14:12:00,0.0,1403.29,1403.33,1402.68,76,10663022.0,1405.805
2026-03-26 14:13:00,0.0,1402.82,1403.3,1402.82,75,10523444.0,1405.792
2026-03-26 14:14:00,0.0,1402.68,1403.3,1402.68,61,8557825.0,1405.782
2026-03-26 14:15:00,0.0,1402.68,1402.81,1402.64,52,7294204.0,1405.772
2026-03-26 14:16:00,0.0,1402.32,1403.02,1402.32,169,23704290.0,1405.741
2026-03-26 14:17:00,0.0,1402.16,1402.35,1402.16,163,22855995.0,1405.707
2026-03-26 14:18:00,0.0,1402.0,1402.16,1402.0,170,23835539.0,1405.671
2026-03-26 14:19:00,0.0,1401.0,1402.0,1401.0,630,88279384.0,1405.515
2026-03-26 14:20:00,0.0,1400.78,1401.01,1400.3,275,38519174.0,1405.442
2026-03-26 14:21:00,0.0,1400.84,1400.84,1400.52,91,12746268.0,1405.419
2026-03-26 14:22:00,0.0,1401.03,1401.18,1400.85,123,17231801.0,1405.389
2026-03-26 14:23:00,0.0,1401.63,1401.63,1401.03,107,14992927.0,1405.364
2026-03-26 14:24:00,0.0,1401.38,1401.38,1401.2,73,10229587.0,1405.348
2026-03-26 14:25:00,0.0,1401.36,1401.38,1401.28,60,8407990.0,1405.335
2026-03-26 14:26:00,0.0,1401.31,1401.38,1401.26,101,14153189.0,1405.314
2026-03-26 14:27:00,0.0,1401.28,1401.33,1400.87,313,43856505.0,1405.245
2026-03-26 14:28:00,0.0,1400.6,1401.24,1400.5,190,26613370.0,1405.2
2026-03-26 14:29:00,0.0,1400.81,1400.84,1400.63,61,8544627.0,1405.186
2026-03-26 14:30:00,0.0,1401.34,1401.34,1400.78,183,25639543.0,1405.147
2026-03-26 14:31:00,0.0,1402.2,1402.26,1401.28,138,19342241.0,1405.122
2026-03-26 14:32:00,0.0,1400.86,1402.2,1400.8,120,16815832.0,1405.099
2026-03-26 14:33:00,0.0,1402.01,1402.1,1400.61,187,26203781.0,1405.063
2026-03-26 14:34:00,0.0,1401.03,1401.98,1400.8,81,11348241.0,1405.047
2026-03-26 14:35:00,0.0,1400.88,1401.03,1400.8,59,8265793.0,1405.035
2026-03-26 14:36:00,0.0,1400.99,1401.03,1400.66,129,18071566.0,1405.008
2026-03-26 14:37:00,0.0,1401.01,1401.01,1400.9,110,15410412.0,1404.986
2026-03-26 14:38:00,0.0,1400.9,1400.99,1400.8,127,17790991.0,1404.96
2026-03-26 14:39:00,0.0,1400.8,1400.9,1400.68,119,16669955.0,1404.936
2026-03-26 14:40:00,0.0,1400.7,1400.85,1400.7,120,16809478.0,1404.912
2026-03-26 14:41:00,0.0,1400.5,1400.82,1400.5,198,27731350.0,1404.871
2026-03-26 14:42:00,0.0,1400.56,1400.61,1400.5,103,14425454.0,1404.849
2026-03-26 14:43:00,0.0,1400.68,1400.68,1400.56,115,16107214.0,1404.826
2026-03-26 14:44:00,0.0,1400.99,1400.99,1400.65,129,18070511.0,1404.802
2026-03-26 14:45:00,0.0,1400.65,1401.0,1400.65,111,15549854.0,1404.781
2026-03-26 14:46:00,0.0,1400.43,1400.62,1400.36,232,32491785.0,1404.735
2026-03-26 14:47:00,0.0,1400.91,1400.91,1400.42,165,23111539.0,1404.704
2026-03-26 14:48:00,0.0,1400.87,1400.92,1400.79,79,11026169.0,1404.691
2026-03-26 14:49:00,0.0,1401.69,1402.39,1400.77,243,34045975.0,1404.651
2026-03-26 14:50:00,0.0,1401.63,1402.05,1401.6,65,9111755.0,1404.642
2026-03-26 14:51:00,0.0,1401.41,1401.93,1401.3,75,10512643.0,1404.632
2026-03-26 14:52:00,0.0,1401.68,1401.68,1401.4,66,9249732.0,1404.623
2026-03-26 14:53:00,0.0,1401.66,1401.68,1401.4,80,11212152.0,1404.612
2026-03-26 14:54:00,0.0,1401.19,1401.68,1401.0,141,19787660.0,1404.591
2026-03-26 14:55:00,0.0,1401.46,1401.68,1401.01,130,18216039.0,1404.571
2026-03-26 14:56:00,0.0,1402.35,1402.4,1401.18,149,20917567.0,1404.553
2026-03-26 14:57:00,0.0,1401.5,1402.21,1401.44,134,18783891.0,1404.537
2026-03-26 14:58:00,0.0,1401.4,1401.4,1401.4,2,280284.0,1404.536
2026-03-26 14:59:00,0.0,1401.4,1401.4,1401.4,0,0.0,1404.536
2026-03-26 15:00:00,0.0,1401.18,1401.18,1401.18,277,38812686.0,1404.496
2026-03-27 09:30:00,1400.0,1400.0,1400.0,1400.0,291,40684000.0,1400.0
2026-03-27 09:31:00,1400.0,1398.14,1403.27,1396.66,897,125585026.0,1400.042
2026-03-27 09:32:00,1401.19,1404.89,1405.25,1401.19,397,55734335.0,1401.006
2026-03-27 09:33:00,1404.88,1405.38,1405.38,1402.66,388,54475731.0,1401.597
2026-03-27 09:34:00,1405.8,1409.99,1410.6,1405.8,713,100407558.0,1403.518
2026-03-27 09:35:00,1409.99,1411.0,1412.0,1409.97,683,96384958.0,1404.984
2026-03-27 09:36:00,1410.98,1414.54,1414.99,1410.98,658,92989019.0,1406.328
2026-03-27 09:37:00,1414.51,1412.06,1414.51,1410.94,293,41371166.0,1406.711
2026-03-27 09:38:00,1412.07,1411.97,1412.93,1411.13,415,58595203.0,1407.169
2026-03-27 09:39:00,1411.23,1410.25,1411.95,1410.21,214,30199026.0,1407.342
2026-03-27 09:40:00,1410.21,1409.05,1410.29,1409.04,224,31584151.0,1407.457
2026-03-27 09:41:00,1410.0,1410.44,1411.97,1410.0,242,34143670.0,1407.611
2026-03-27 09:42:00,1410.44,1409.12,1410.44,1409.12,88,12404344.0,1407.643
2026-03-27 09:43:00,1409.76,1408.53,1410.49,1408.51,159,22412384.0,1407.697
2026-03-27 09:44:00,1409.2,1408.54,1409.64,1408.36,115,16204289.0,1407.725
2026-03-27 09:45:00,1409.0,1408.45,1409.0,1407.14,137,19291871.0,1407.735
2026-03-27 09:46:00,1408.44,1410.33,1411.0,1408.44,152,21425425.0,1407.781
2026-03-27 09:47:00,1410.9,1410.68,1411.0,1410.29,144,20315337.0,1407.85
2026-03-27 09:48:00,1410.89,1412.01,1412.11,1410.89,230,32468008.0,1407.986
2026-03-27 09:49:00,1412.0,1409.01,1412.0,1409.01,107,15095092.0,1408.031
2026-03-27 09:50:00,1409.49,1408.32,1409.49,1408.06,108,15216189.0,1408.046
2026-03-27 09:51:00,1408.32,1407.0,1408.32,1406.0,162,22799016.0,1408.029
2026-03-27 09:52:00,1407.21,1409.21,1409.21,1406.77,79,11122078.0,1408.027
2026-03-27 09:53:00,1409.31,1409.5,1410.0,1409.1,45,6343205.0,1408.037
2026-03-27 09:54:00,1409.5,1409.2,1409.5,1409.16,31,4368938.0,1408.043
2026-03-27 09:55:00,1409.44,1408.23,1409.44,1408.23,85,11977798.0,1408.056
2026-03-27 09:56:00,1408.0,1407.0,1408.0,1406.93,54,7598470.0,1408.049
2026-03-27 09:57:00,1406.93,1408.09,1408.34,1406.93,92,12950539.0,1408.044
2026-03-27 09:58:00,1408.1,1408.89,1409.03,1407.98,76,10705221.0,1408.05
2026-03-27 09:59:00,1408.89,1410.58,1410.58,1408.15,236,33242262.0,1408.066
2026-03-27 10:00:00,1410.99,1411.49,1411.49,1410.63,129,18199447.0,1408.113
2026-03-27 10:01:00,1411.63,1412.5,1412.9,1411.63,260,36720597.0,1408.252
2026-03-27 10:02:00,1412.95,1412.89,1413.0,1412.58,156,22041287.0,1408.342
2026-03-27 10:03:00,1412.86,1412.6,1412.89,1412.58,95,13420695.0,1408.392
2026-03-27 10:04:00,1412.5,1412.48,1414.0,1411.59,416,58793350.0,1408.614
2026-03-27 10:05:00,1412.41,1413.68,1413.84,1412.41,131,18510107.0,1408.68
2026-03-27 10:06:00,1413.0,1412.94,1413.8,1412.94,63,8903544.0,1408.713
2026-03-27 10:07:00,1412.94,1413.12,1413.2,1411.05,149,21048601.0,1408.779
2026-03-27 10:08:00,1413.12,1414.0,1414.0,1413.0,184,26011333.0,1408.878
2026-03-27 10:09:00,1414.0,1414.16,1414.44,1414.0,182,25737057.0,1408.981
2026-03-27 10:10:00,1414.16,1414.66,1414.78,1414.15,138,19519835.0,1409.061
2026-03-27 10:11:00,1414.66,1417.04,1417.07,1414.66,569,80487633.0,1409.444
2026-03-27 10:12:00,1417.13,1417.88,1418.0,1417.13,253,35869116.0,1409.649
2026-03-27 10:13:00,1417.95,1418.8,1418.99,1417.95,313,44411520.0,1409.91
2026-03-27 10:14:00,1419.0,1418.02,1419.1,1417.98,328,46512050.0,1410.169
2026-03-27 10:15:00,1418.01,1422.51,1423.01,1418.01,780,110835475.0,1410.867
2026-03-27 10:16:00,1422.24,1422.3,1422.49,1420.85,363,51624383.0,1411.208
2026-03-27 10:17:00,1422.2,1421.07,1422.2,1420.96,210,29853148.0,1411.386
2026-03-27 10:18:00,1421.07,1422.9,1423.59,1421.07,475,67573077.0,1411.805
2026-03-27 10:19:00,1422.82,1425.01,1425.23,1422.82,530,75480926.0,1412.3
2026-03-27 10:20:00,1425.0,1423.1,1426.0,1423.1,288,41037018.0,1412.568
2026-03-27 10:21:00,1423.09,1423.0,1423.1,1422.0,173,24615833.0,1412.698
2026-03-27 10:22:00,1422.69,1422.84,1422.93,1422.69,148,21057803.0,1412.806
2026-03-27 10:23:00,1422.84,1422.95,1422.95,1422.84,116,16505200.0,1412.89
2026-03-27 10:24:00,1422.99,1422.0,1424.88,1422.0,237,33740120.0,1413.069
2026-03-27 10:25:00,1422.54,1422.0,1423.27,1422.0,127,18063848.0,1413.152
2026-03-27 10:26:00,1421.7,1421.29,1422.0,1421.0,148,21038457.0,1413.237
2026-03-27 10:27:00,1421.37,1421.63,1422.0,1420.58,260,36951792.0,1413.378
2026-03-27 10:28:00,1422.0,1424.01,1424.01,1421.98,132,18811579.0,1413.462
2026-03-27 10:29:00,1424.4,1422.39,1425.0,1422.0,233,33177491.0,1413.624
2026-03-27 10:30:00,1422.81,1420.56,1423.1,1420.56,98,13939546.0,1413.68
2026-03-27 10:31:00,1420.28,1419.99,1420.28,1419.57,82,11644149.0,1413.714
2026-03-27 10:32:00,1419.89,1420.63,1421.64,1419.89,61,8662029.0,1413.74
2026-03-27 10:33:00,1421.0,1419.99,1421.0,1419.1,63,8946835.0,1413.766
2026-03-27 10:34:00,1419.99,1419.14,1419.99,1419.14,61,8659068.0,1413.789
2026-03-27 10:35:00,1419.14,1418.06,1419.15,1418.0,93,13191180.0,1413.817
2026-03-27 10:36:00,1418.06,1419.02,1419.1,1418.05,67,9505179.0,1413.838
2026-03-27 10:37:00,1419.09,1418.0,1419.1,1418.0,79,11207948.0,1413.862
2026-03-27 10:38:00,1417.98,1418.83,1418.83,1417.23,79,11200571.0,1413.882
2026-03-27 10:39:00,1418.85,1417.6,1419.11,1417.6,93,13194215.0,1413.91
2026-03-27 10:40:00,1417.61,1418.99,1419.0,1417.61,98,13904914.0,1413.941
2026-03-27 10:41:00,1419.29,1421.0,1421.95,1419.01,61,8666164.0,1413.966
2026-03-27 10:42:00,1421.94,1421.0,1421.94,1419.31,149,21166265.0,1414.027
2026-03-27 10:43:00,1421.01,1421.99,1421.99,1421.01,89,12652199.0,1414.068
2026-03-27 10:44:00,1422.0,1422.0,1422.09,1421.13,71,10095693.0,1414.103
2026-03-27 10:45:00,1422.0,1420.34,1422.39,1419.66,94,13359475.0,1414.143
2026-03-27 10:46:00,1420.35,1421.05,1421.07,1420.35,27,3835721.0,1414.154
2026-03-27 10:47:00,1421.08,1419.74,1421.08,1419.65,113,16049694.0,1414.196
2026-03-27 10:48:00,1419.75,1421.99,1422.0,1419.7,83,11792773.0,1414.229
2026-03-27 10:49:00,1421.99,1421.86,1422.06,1421.0,95,13507582.0,1414.272
2026-03-27 10:50:00,1421.86,1420.0,1421.97,1420.0,145,20607209.0,1414.331
2026-03-27 10:51:00,1420.0,1418.65,1420.0,1418.65,61,8659686.0,1414.35
2026-03-27 10:52:00,1418.87,1416.69,1419.0,1416.69,110,15596624.0,1414.373
2026-03-27 10:53:00,1415.99,1415.48,1415.99,1415.18,108,15289352.0,1414.381
2026-03-27 10:54:00,1415.69,1416.79,1417.8,1415.69,45,6375336.0,1414.388
2026-03-27 10:55:00,1416.79,1416.0,1416.8,1416.0,66,9349803.0,1414.396
2026-03-27 10:56:00,1416.0,1415.22,1416.8,1415.22,77,10902589.0,1414.403
2026-03-27 10:57:00,1415.22,1415.09,1415.3,1415.0,37,5236069.0,1414.405
2026-03-27 10:58:00,1415.1,1415.39,1415.39,1415.1,53,7500564.0,1414.407
2026-03-27 10:59:00,1415.48,1416.38,1416.5,1415.47,43,6088621.0,1414.411
2026-03-27 11:00:00,1416.38,1415.0,1416.38,1415.0,157,22220078.0,1414.419
2026-03-27 11:01:00,1415.0,1414.89,1415.0,1414.14,74,10467403.0,1414.419
2026-03-27 11:02:00,1414.87,1415.08,1415.09,1414.3,62,8771127.0,1414.42
2026-03-27 11:03:00,1415.01,1415.05,1415.5,1415.0,39,5518806.0,1414.421
2026-03-27 11:04:00,1415.24,1416.77,1416.77,1415.24,53,7507154.0,1414.427
2026-03-27 11:05:00,1416.8,1414.95,1416.8,1414.95,61,8638070.0,1414.433
2026-03-27 11:06:00,1414.3,1415.52,1415.53,1414.3,19,2688902.0,1414.434
2026-03-27 11:07:00,1415.08,1414.93,1415.08,1414.83,35,4952184.0,1414.435
2026-03-27 11:08:00,1415.0,1414.25,1415.02,1414.25,49,6930840.0,1414.435
2026-03-27 11:09:00,1414.23,1415.0,1415.0,1414.18,26,3677135.0,1414.435
2026-03-27 11:10:00,1414.99,1414.5,1414.99,1414.5,34,4810413.0,1414.435
2026-03-27 11:11:00,1413.95,1413.2,1413.95,1412.5,151,21343505.0,1414.427
2026-03-27 11:12:00,1413.0,1414.56,1414.58,1413.0,17,2404175.0,1414.427
2026-03-27 11:13:00,1414.51,1415.09,1415.99,1414.51,40,5660120.0,1414.429
2026-03-27 11:14:00,1415.99,1415.88,1415.99,1415.18,38,5379297.0,1414.431
2026-03-27 11:15:00,1415.88,1415.19,1416.65,1415.19,40,5663652.0,1414.434
2026-03-27 11:16:00,1415.2,1414.61,1415.21,1414.6,32,4527614.0,1414.435
2026-03-27 11:17:00,1414.62,1415.0,1415.85,1414.62,21,2971550.0,1414.436
2026-03-27 11:18:00,1415.55,1415.91,1416.52,1415.01,38,5379834.0,1414.438
2026-03-27 11:19:00,1415.9,1415.98,1415.98,1415.0,23,3255550.0,1414.44
2026-03-27 11:20:00,1415.99,1414.64,1415.99,1414.63,50,7075481.0,1414.441
2026-03-27 11:21:00,1414.62,1414.84,1415.0,1414.62,21,2971206.0,1414.442
2026-03-27 11:22:00,1414.71,1415.06,1415.06,1414.71,9,1273305.0,1414.442
2026-03-27 11:23:00,1414.63,1413.22,1414.63,1413.22,147,20791003.0,1414.441
2026-03-27 11:24:00,1413.21,1412.9,1413.21,1412.6,61,8675422.0,1414.436
2026-03-27 11:25:00,1412.91,1413.14,1413.14,1412.87,24,3391065.0,1414.434
2026-03-27 11:26:00,1413.21,1412.97,1414.58,1412.97,27,3815609.0,1414.433
2026-03-27 11:27:00,1413.0,1413.15,1413.15,1412.93,31,4380303.0,1414.43
2026-03-27 11:28:00,1413.82,1413.0,1414.29,1413.0,34,4805775.0,1414.429
2026-03-27 11:29:00,1413.0,1414.24,1414.57,1413.0,30,4241571.0,1414.428
2026-03-27 11:30:00,1414.24,1413.9,1414.24,1413.9,19,2686744.0,1414.427
2026-03-27 13:01:00,1413.91,1415.98,1416.24,1413.91,224,31669411.0,1414.436
2026-03-27 13:02:00,1416.88,1418.89,1418.89,1415.7,118,16724939.0,1414.454
2026-03-27 13:03:00,1418.04,1419.99,1420.0,1417.17,173,24547835.0,1414.494
2026-03-27 13:04:00,1420.0,1419.26,1421.0,1418.9,129,18319186.0,1414.531
2026-03-27 13:05:00,1419.26,1417.74,1419.26,1417.74,65,9222178.0,1414.545
2026-03-27 13:06:00,1417.26,1417.02,1417.97,1417.02,59,8362742.0,1414.554
2026-03-27 13:07:00,1416.94,1418.88,1418.88,1416.36,172,24382728.0,1414.58
2026-03-27 13:08:00,1418.8,1418.6,1418.8,1418.27,69,9788269.0,1414.594
2026-03-27 13:09:00,1418.6,1418.48,1418.6,1418.41,41,5816117.0,1414.602
2026-03-27 13:10:00,1418.57,1420.01,1420.25,1418.57,110,15611672.0,1414.627
2026-03-27 13:11:00,1419.87,1418.3,1420.0,1418.07,61,8654286.0,1414.64
2026-03-27 13:12:00,1418.3,1417.0,1418.3,1417.0,69,9784001.0,1414.651
2026-03-27 13:13:00,1417.63,1416.98,1417.63,1416.98,78,11053522.0,1414.661
2026-03-27 13:14:00,1417.0,1416.66,1417.0,1416.66,43,6092635.0,1414.665
2026-03-27 13:15:00,1416.75,1417.63,1417.98,1416.66,25,3542923.0,1414.668
2026-03-27 13:16:00,1417.97,1417.62,1417.97,1417.31,36,5103053.0,1414.673
2026-03-27 13:17:00,1417.62,1417.68,1417.95,1417.3,44,6237753.0,1414.68
2026-03-27 13:18:00,1417.5,1416.33,1417.64,1416.0,56,7934345.0,1414.686
2026-03-27 13:19:00,1416.0,1415.0,1416.0,1415.0,83,11746996.0,1414.688
2026-03-27 13:20:00,1415.0,1414.39,1415.16,1414.14,51,7214508.0,1414.688
2026-03-27 13:21:00,1414.62,1415.19,1415.2,1414.39,63,8913911.0,1414.689
2026-03-27 13:22:00,1415.19,1415.77,1415.97,1415.18,52,7360872.0,1414.691
2026-03-27 13:23:00,1415.77,1413.5,1415.77,1413.5,179,25319619.0,1414.689
2026-03-27 13:24:00,1413.51,1412.61,1413.51,1412.61,126,17803985.0,1414.679
2026-03-27 13:25:00,1412.77,1412.86,1413.49,1412.77,102,14411345.0,1414.671
2026-03-27 13:26:00,1412.74,1412.63,1412.87,1412.63,60,8476069.0,1414.665
2026-03-27 13:27:00,1412.64,1412.98,1413.07,1412.63,72,10172812.0,1414.659
2026-03-27 13:28:00,1412.98,1414.56,1414.56,1412.93,43,6076935.0,1414.656
2026-03-27 13:29:00,1413.56,1414.53,1414.55,1413.56,70,9897634.0,1414.654
2026-03-27 13:30:00,1414.54,1414.51,1415.49,1414.0,60,8487155.0,1414.653
2026-03-27 13:31:00,1414.17,1416.0,1416.0,1414.17,93,13141988.0,1414.656
2026-03-27 13:32:00,1415.23,1417.0,1417.0,1414.85,114,16141540.0,1414.663
2026-03-27 13:33:00,1417.24,1416.45,1417.8,1416.45,71,10060466.0,1414.67
2026-03-27 13:34:00,1416.57,1415.28,1416.57,1415.28,48,6795367.0,1414.672
2026-03-27 13:35:00,1415.46,1414.8,1415.46,1414.8,32,4528366.0,1414.673
2026-03-27 13:36:00,1414.59,1415.08,1415.08,1413.85,98,13860441.0,1414.672
2026-03-27 13:37:00,1415.59,1414.98,1416.19,1414.98,42,5944387.0,1414.673
2026-03-27 13:38:00,1415.0,1414.4,1415.0,1414.4,63,8913346.0,1414.673
2026-03-27 13:39:00,1414.51,1415.64,1415.64,1414.5,67,9408279.0,1414.674
2026-03-27 13:40:00,1415.99,1415.61,1416.04,1414.9,31,4388583.0,1414.675
2026-03-27 13:41:00,1415.19,1414.88,1415.37,1414.5,36,5093962.0,1414.675
2026-03-27 13:42:00,1415.37,1414.5,1416.74,1414.5,79,11179339.0,1414.677
2026-03-27 13:43:00,1414.48,1414.78,1415.0,1414.41,34,4823892.0,1414.677
2026-03-27 13:44:00,1414.6,1414.3,1416.0,1414.3,66,9325727.0,1414.678
2026-03-27 13:45:00,1414.43,1415.73,1415.84,1414.43,40,5674149.0,1414.679
2026-03-27 13:46:00,1415.73,1415.35,1415.73,1415.0,31,4387988.0,1414.68
2026-03-27 13:47:00,1414.91,1414.64,1415.41,1414.43,56,7921733.0,1414.68
2026-03-27 13:48:00,1415.39,1415.62,1416.0,1414.55,58,8251442.0,1414.681
2026-03-27 13:49:00,1415.36,1415.3,1415.97,1415.3,26,3680533.0,1414.683
2026-03-27 13:50:00,1414.85,1413.6,1414.85,1413.6,78,11030306.0,1414.681
2026-03-27 13:51:00,1413.56,1413.8,1413.8,1412.9,121,17100416.0,1414.673
2026-03-27 13:52:00,1414.4,1414.43,1415.4,1413.57,48,6787838.0,1414.672
2026-03-27 13:53:00,1414.43,1414.3,1414.99,1414.01,33,4666956.0,1414.671
2026-03-27 13:54:00,1414.14,1413.68,1414.14,1413.64,46,6503887.0,1414.67
2026-03-27 13:55:00,1413.69,1413.89,1414.07,1413.09,64,9046833.0,1414.667
2026-03-27 13:56:00,1413.89,1415.18,1415.65,1413.89,52,7357145.0,1414.667
2026-03-27 13:57:00,1415.23,1415.71,1416.89,1415.08,67,9485445.0,1414.67
2026-03-27 13:58:00,1415.03,1415.49,1415.7,1415.01,36,5094721.0,1414.671
2026-03-27 13:59:00,1415.43,1415.68,1415.7,1415.33,51,7218973.0,1414.673
2026-03-27 14:00:00,1415.4,1415.38,1415.52,1415.36,57,8067821.0,1414.675
2026-03-27 14:01:00,1415.33,1415.61,1415.63,1415.33,55,7784916.0,1414.676
2026-03-27 14:02:00,1415.37,1415.12,1415.37,1415.05,80,11322248.0,1414.678
2026-03-27 14:03:00,1415.02,1414.28,1415.02,1414.26,57,8063584.0,1414.678
2026-03-27 14:04:00,1414.21,1415.09,1415.09,1413.75,102,14424007.0,1414.676
2026-03-27 14:05:00,1414.49,1414.95,1415.34,1414.49,41,5800879.0,1414.676
2026-03-27 14:06:00,1414.98,1414.49,1414.98,1414.44,68,9620488.0,1414.677
2026-03-27 14:07:00,1414.47,1415.08,1415.13,1414.47,45,6365897.0,1414.677
2026-03-27 14:08:00,1414.52,1414.55,1415.08,1414.51,47,6648587.0,1414.676
2026-03-27 14:09:00,1414.51,1414.14,1414.98,1413.76,156,22064511.0,1414.675
2026-03-27 14:10:00,1413.67,1413.77,1414.27,1413.4,111,15692947.0,1414.67
2026-03-27 14:11:00,1415.0,1414.59,1415.3,1414.45,60,8488910.0,1414.671
2026-03-27 14:12:00,1415.35,1414.5,1415.35,1414.5,34,4809547.0,1414.671
2026-03-27 14:13:00,1414.49,1415.1,1415.2,1414.15,76,10751168.0,1414.67
2026-03-27 14:14:00,1415.5,1414.51,1415.5,1414.51,42,5942972.0,1414.671
2026-03-27 14:15:00,1414.59,1414.54,1415.29,1414.48,57,8063823.0,1414.671
2026-03-27 14:16:00,1414.54,1414.63,1415.05,1414.53,67,9478769.0,1414.671
2026-03-27 14:17:00,1414.69,1415.02,1415.02,1414.61,94,13301860.0,1414.672
2026-03-27 14:18:00,1415.4,1415.41,1415.99,1415.39,91,12882008.0,1414.675
2026-03-27 14:19:00,1415.55,1416.0,1416.0,1415.51,63,8918365.0,1414.678
2026-03-27 14:20:00,1416.0,1415.59,1416.0,1415.57,85,12032618.0,1414.681
2026-03-27 14:21:00,1415.6,1415.8,1415.8,1415.59,75,10617116.0,1414.684
2026-03-27 14:22:00,1415.61,1417.43,1417.5,1415.61,231,32725104.0,1414.702
2026-03-27 14:23:00,1417.01,1418.2,1418.2,1416.77,144,20411401.0,1414.718
2026-03-27 14:24:00,1418.16,1416.51,1418.16,1416.51,86,12186453.0,1414.726
2026-03-27 14:25:00,1416.31,1416.33,1416.5,1416.31,52,7365472.0,1414.729
2026-03-27 14:26:00,1416.29,1416.09,1416.29,1415.59,78,11043016.0,1414.732
2026-03-27 14:27:00,1416.21,1416.15,1416.24,1416.15,49,6939222.0,1414.735
2026-03-27 14:28:00,1416.19,1415.98,1416.21,1415.69,47,6654910.0,1414.737
2026-03-27 14:29:00,1415.67,1415.77,1415.92,1415.6,44,6229136.0,1414.739
2026-03-27 14:30:00,1415.63,1415.29,1415.78,1415.29,73,10333485.0,1414.741
2026-03-27 14:31:00,1415.51,1416.27,1416.33,1415.29,96,13592450.0,1414.746
2026-03-27 14:32:00,1416.28,1416.05,1416.29,1416.05,69,9771544.0,1414.75
2026-03-27 14:33:00,1416.03,1416.26,1416.26,1415.8,68,9629198.0,1414.753
2026-03-27 14:34:00,1416.3,1416.29,1416.37,1416.11,56,7930847.0,1414.756
2026-03-27 14:35:00,1416.23,1415.72,1416.27,1415.72,91,12885753.0,1414.761
2026-03-27 14:36:00,1415.72,1416.5,1416.5,1415.29,136,19254208.0,1414.766
2026-03-27 14:37:00,1416.53,1416.39,1416.98,1416.39,79,11190985.0,1414.771
2026-03-27 14:38:00,1416.35,1416.47,1416.63,1416.22,93,13172476.0,1414.777
2026-03-27 14:39:00,1416.42,1416.65,1416.96,1416.36,76,10765853.0,1414.782
2026-03-27 14:40:00,1416.61,1416.4,1416.61,1416.0,81,11472274.0,1414.787
2026-03-27 14:41:00,1416.26,1416.01,1416.41,1415.95,94,13311326.0,1414.792
2026-03-27 14:42:00,1416.38,1417.47,1418.0,1416.3,249,35286830.0,1414.813
2026-03-27 14:43:00,1417.42,1417.79,1417.79,1417.0,160,22676198.0,1414.828
2026-03-27 14:44:00,1417.83,1417.8,1417.94,1417.78,274,38849797.0,1414.859
2026-03-27 14:45:00,1417.79,1417.61,1417.79,1417.4,184,26083845.0,1414.877
2026-03-27 14:46:00,1417.63,1417.61,1417.77,1417.61,196,27785614.0,1414.897
2026-03-27 14:47:00,1417.62,1417.7,1417.7,1417.59,225,31896571.0,1414.919
2026-03-27 14:48:00,1417.73,1417.74,1417.99,1417.6,333,47213440.0,1414.953
2026-03-27 14:49:00,1417.68,1417.68,1417.68,1417.38,157,22255635.0,1414.968
2026-03-27 14:50:00,1417.68,1417.6,1417.85,1417.6,175,24810239.0,1414.985
2026-03-27 14:51:00,1417.59,1417.0,1417.59,1417.0,207,29336778.0,1415.001
2026-03-27 14:52:00,1417.0,1416.26,1417.0,1416.26,161,22807213.0,1415.01
2026-03-27 14:53:00,1416.21,1416.01,1416.21,1416.0,140,19824746.0,1415.015
2026-03-27 14:54:00,1416.04,1415.94,1416.04,1415.91,161,22861216.0,1415.02
2026-03-27 14:55:00,1415.94,1415.95,1415.95,1415.92,204,28885050.0,1415.027
2026-03-27 14:56:00,1415.95,1416.49,1416.5,1415.95,165,23423912.0,1415.033
2026-03-27 14:57:00,1416.44,1416.7,1416.71,1416.36,209,29607530.0,1415.045
2026-03-27 14:58:00,1417.02,1417.02,1417.02,1417.02,5,708509.0,1415.045
2026-03-27 14:59:00,1417.02,1417.02,1417.02,1417.02,0,0.0,1415.045
2026-03-27 15:00:00,1416.02,1416.02,1416.02,1416.02,398,56326443.0,1415.058
